日付,2021_5_30__23_34_56
年齢,12
性別,男性
右手
スコア(秒),21.08918
時間,手の甲の位置,,手の力_親指,人差し指...
time(s),x,y,z
0.0647227,44.98384, 247.9751, 41.63107
0.1294454,43.40831, 242.1126, 36.57965
0.1494454,43.40831, 242.1126, 36.57965
0.1593632,42.89511, 239.7008, 35.15531
0.164003,42.33887, 237.2972, 33.62849
0.1697787,41.92101, 235.1387, 32.24498
0.1738092,41.58177, 233.1595, 30.92438
0.178739,41.34459, 231.0956, 29.54547
0.1834017,41.20452, 228.8361, 28.22633
0.1878082,41.11934, 226.3064, 26.80238
0.1923323,41.06703, 223.7825, 25.54411
0.1965944,41.06703, 223.7825, 25.54411
0.2016192,41.02438, 221.2127, 24.33024
0.2059118,40.99675, 218.9835, 23.30368
0.2097265,41.00636, 216.9302, 22.40408
0.2144189,41.00636, 216.9302, 22.40408
0.2186771,40.98291, 214.9274, 21.58491
0.2233739,40.94511, 212.9795, 20.75585
0.2273457,40.84027, 211.0877, 19.97864
0.2313992,40.75612, 209.0846, 19.26795
0.2360863,40.63717, 207.0245, 18.50373
0.2402336,40.46066, 204.8048, 17.68019
0.2447115,40.23495, 202.5372, 16.79256
0.2488805,40.23495, 202.5372, 16.79256
0.2531596,39.94122, 200.1735, 15.88812
0.2580116,39.94122, 200.1735, 15.88812
0.2619455,39.71061, 197.9884, 14.93984
0.2669308,39.50594, 195.8913, 14.09305
0.2709429,39.25027, 193.9579, 13.41349
0.2752025,38.93311, 192.1496, 12.90334
0.2796308,38.93311, 192.1496, 12.90334
0.284178,38.54388, 190.3829, 12.45337
0.2887383,38.09444, 188.6015, 12.09332
0.293355,37.63419, 186.9896, 11.76031
0.2973514,37.17551, 185.4708, 11.54646
0.3026881,37.17551, 185.4708, 11.54646
0.3067535,36.71702, 183.9812, 11.32426
0.3112292,36.35909, 182.7325, 11.17035
0.3152259,35.93555, 181.5141, 11.02994
0.3196432,35.51, 180.4141, 10.84861
0.3241546,35.51, 180.4141, 10.84861
0.3283556,35.08226, 179.4375, 10.66286
0.3325596,34.63895, 178.4425, 10.38751
0.3378406,34.16525, 177.7527, 10.16098
0.3419572,33.66298, 177.5058, 9.932708
0.3471018,33.66298, 177.5058, 9.932708
0.3520546,33.18069, 177.6635, 9.751122
0.3570663,32.78058, 178.1432, 9.65311
0.3625309,32.28905, 178.9498, 9.718342
0.3678792,32.28905, 178.9498, 9.718342
0.3722428,31.65584, 179.8947, 9.799612
0.3764512,30.95414, 180.8889, 9.929626
0.3813958,30.06145, 181.9171, 9.838185
0.3863192,29.08509, 182.9612, 9.629905
0.3912131,29.08509, 182.9612, 9.629905
0.3957098,27.94556, 184.2893, 9.599266
0.4006975,26.75306, 186.4118, 9.674145
0.4050014,25.35691, 188.2339, 9.571797
0.4091867,23.82176, 190.7008, 9.722513
0.4142049,23.82176, 190.7008, 9.722513
0.4187913,22.15024, 193.2853, 9.921146
0.4237585,20.24737, 196.3367, 9.951687
0.4279272,18.19076, 199.2733, 9.984757
0.4325611,15.95323, 202.8884, 10.19706
0.4376696,15.95323, 202.8884, 10.19706
0.4417999,13.67077, 206.5981, 10.36554
0.4466964,11.24917, 210.4974, 10.7344
0.4514171,8.722492, 214.3783, 10.88469
0.4570268,6.065488, 218.3255, 11.09213
0.4612399,6.065488, 218.3255, 11.09213
0.4676581,3.225773, 222.5497, 11.16405
0.4726736,0.347531, 227.1879, 10.9137
0.4767541,-2.805481, 232.0588, 10.59972
0.4818421,-2.805481, 232.0588, 10.59972
0.4865329,-6.066763, 237.0874, 10.31681
0.4913407,-9.542768, 242.1366, 10.24185
0.4954196,-13.04063, 247.4577, 10.5686
0.5004852,-16.62607, 252.5914, 10.51607
0.5045758,-20.33065, 257.4449, 10.57032
0.5090833,-24.06286, 262.578, 10.87064
0.5136307,-24.06286, 262.578, 10.87064
0.5182285,-27.70465, 267.1381, 10.98653
0.5228595,-31.35175, 271.2951, 11.05412
0.527316,-34.82538, 275.1142, 11.19352
0.531374,-38.19273, 278.9934, 11.27766
0.5369067,-38.19273, 278.9934, 11.27766
0.5410726,-41.31896, 282.6391, 11.51147
0.5458092,-52.92393, 296.667, 13.5324
0.5507607,-55.4461, 300.0289, 14.05195
0.5556653,-57.8303, 303.1589, 14.63411
0.5602788,-59.93818, 306.0284, 15.28052
0.5646346,-61.92253, 308.5526, 15.91406
0.5698461,-61.92253, 308.5526, 15.91406
0.5740332,-63.62329, 310.7231, 16.41508
0.5789376,-65.17947, 312.7103, 16.95937
0.583527,-65.17947, 312.7103, 16.95937
0.5879567,-66.50637, 314.3344, 17.51945
0.5926686,-67.67691, 316.028, 18.01578
0.5974234,-68.74677, 317.5309, 18.43817
0.6025836,-68.74677, 317.5309, 18.43817
0.6070545,-69.70713, 319.0835, 18.87539
0.6123832,-70.58912, 320.6092, 19.28401
0.6167988,-71.33886, 321.8847, 19.76326
0.621463,-72.00335, 323.1873, 20.26418
0.6259158,-72.00335, 323.1873, 20.26418
0.6302244,-72.54755, 324.4142, 20.78325
0.6352684,-73.05466, 325.4913, 21.32227
0.6397116,-73.05466, 325.4913, 21.32227
0.6445076,-73.43816, 326.3616, 21.90385
0.6486239,-73.78944, 326.9975, 22.4612
0.6529424,-74.0673, 327.3984, 23.04496
0.6583378,-74.0673, 327.3984, 23.04496
0.6624376,-74.28596, 327.7287, 23.53127
0.6677451,-74.45321, 327.8637, 23.99493
0.6723955,-74.59163, 327.7917, 24.46423
0.6769409,-74.71138, 327.6465, 25.01816
0.681957,-74.71138, 327.6465, 25.01816
0.6863148,-74.82225, 327.456, 25.58203
0.6913305,-74.91961, 327.1223, 26.17543
0.6953444,-74.96071, 326.77, 26.75229
0.7007591,-74.96071, 326.77, 26.75229
0.7054888,-74.96673, 326.2901, 27.31952
0.7098599,-74.98354, 325.7879, 27.87089
0.7146492,-74.95969, 325.2227, 28.33461
0.7190484,-74.99329, 324.6079, 28.81306
0.7238931,-74.99329, 324.6079, 28.81306
0.7281971,-75.08622, 324.0721, 29.21125
0.7326074,-75.2621, 323.5864, 29.61883
0.7377957,-75.53049, 323.1393, 30.02156
0.7425747,-75.53049, 323.1393, 30.02156
0.7477804,-75.91855, 322.7381, 30.46018
0.7525493,-76.42473, 322.3629, 30.84825
0.757187,-76.42473, 322.3629, 30.84825
0.7616044,-76.91447, 321.7428, 31.57759
0.7657229,-77.4384, 320.9783, 32.24218
0.7710882,-78.10099, 320.2746, 32.90084
0.7752302,-78.10099, 320.2746, 32.90084
0.7799582,-78.88508, 319.7511, 33.41934
0.7849035,-79.7841, 319.1594, 33.73226
0.7896538,-80.61456, 318.1653, 34.31105
0.7940031,-81.46027, 317.2731, 34.89018
0.7981952,-81.46027, 317.2731, 34.89018
0.8038276,-82.36639, 316.5262, 35.27586
0.8079391,-83.37101, 315.869, 35.38779
0.8129699,-85.38304, 314.7789, 36.00197
0.8175614,-86.5468, 314.742, 36.16453
0.8225258,-87.69389, 314.5282, 36.43759
0.8265476,-88.96708, 314.6854, 36.87685
0.8310714,-90.37534, 315.1483, 37.52065
0.8361061,-90.37534, 315.1483, 37.52065
0.8403791,-91.87275, 315.5054, 37.86905
0.8452358,-93.42007, 315.7899, 38.0906
0.8492767,-95.23448, 316.1561, 37.94012
0.8543251,-95.23448, 316.1561, 37.94012
0.8596253,-97.25751, 316.6132, 37.39969
0.8638138,-99.26927, 316.7681, 36.69491
0.8688053,-99.26927, 316.7681, 36.69491
0.8730484,-101.1891, 316.8994, 35.96637
0.8777408,-103.0626, 317.2145, 35.31362
0.8821994,-105.0611, 317.6947, 35.23297
0.8865976,-107.3332, 318.5727, 34.95941
0.8912674,-107.3332, 318.5727, 34.95941
0.895403,-109.8421, 319.3904, 35.38658
0.9008141,-112.3959, 320.171, 35.63434
0.9048827,-114.661, 320.9813, 36.64484
0.9091792,-114.661, 320.9813, 36.64484
0.9136488,-116.405, 321.4092, 37.60637
0.9180292,-117.8036, 321.6094, 38.43761
0.9230842,-118.8721, 321.4742, 38.96675
0.9272529,-119.3476, 320.7856, 39.37826
0.9317474,-119.3476, 320.7856, 39.37826
0.9371404,-119.3471, 319.3301, 39.80272
0.9417916,-118.9048, 317.8185, 40.63935
0.9465469,-118.2397, 316.1593, 41.89891
0.951531,-118.2397, 316.1593, 41.89891
0.9564534,-117.2567, 314.5409, 43.47918
0.960746,-116.2778, 312.9523, 45.34425
0.9647607,-114.9872, 311.3683, 47.35347
0.9700786,-114.9872, 311.3683, 47.35347
0.9742452,-113.6559, 309.5143, 49.4835
0.9789603,-112.2465, 307.7058, 51.60045
0.9837517,-110.9027, 306.0313, 53.95561
0.9882203,-110.9027, 306.0313, 53.95561
0.9932323,-109.6716, 304.7494, 56.52491
0.9972103,-107.9821, 303.2697, 59.48391
1.002215,-106.0249, 301.9001, 62.71921
1.006456,-106.0249, 301.9001, 62.71921
1.011588,-103.3943, 300.5824, 66.1852
1.016063,-100.3525, 299.6891, 70.46124
1.020868,-96.95283, 299.4817, 75.47166
1.025538,-96.95283, 299.4817, 75.47166
1.029879,-93.31841, 300.4958, 81.77538
1.035447,-89.43085, 301.9009, 89.26922
1.039738,-85.32875, 304.4827, 97.38901
1.044605,-80.75274, 307.4813, 106.0818
1.048864,-76.02702, 311.2499, 114.1041
1.054115,-70.72521, 315.5664, 122.039
1.058789,-64.87049, 319.305, 130.4819
1.063279,-64.87049, 319.305, 130.4819
1.068513,-58.62475, 323.3186, 139.4122
1.072872,-51.91151, 327.032, 149.09
1.077147,-45.53242, 331.1977, 159.6182
1.082176,-45.53242, 331.1977, 159.6182
1.08692,-39.07063, 335.4557, 170.3871
1.092139,-32.8921, 340.0785, 181.6476
1.096627,-26.80953, 345.5537, 192.6678
1.10204,-20.82915, 351.1729, 202.9669
1.106482,-14.74993, 357.7112, 212.5674
1.111144,-14.74993, 357.7112, 212.5674
1.115571,-8.717482, 364.1913, 222.6041
1.120119,-2.605982, 370.5381, 233.5165
1.125064,3.321902, 377.4708, 244.4414
1.129177,8.718096, 385.3411, 255.4225
1.134641,8.718096, 385.3411, 255.4225
1.138841,14.10186, 393.2441, 265.7706
1.143217,19.43619, 400.7738, 275.4421
1.148121,24.34398, 408.608, 285.0592
1.152887,24.34398, 408.608, 285.0592
1.157897,28.99944, 416.4725, 293.9293
1.162065,33.50984, 424.351, 302.2714
1.167506,37.77629, 432.3332, 310.0448
1.171631,41.76053, 440.3806, 316.7495
1.175987,41.76053, 440.3806, 316.7495
1.180509,45.59436, 448.5277, 322.1261
1.18539,49.30729, 456.9709, 326.1778
1.190122,53.40035, 465.6744, 328.8733
1.194522,53.40035, 465.6744, 328.8733
1.198712,57.20993, 474.3187, 331.1305
1.204421,60.70241, 483.6624, 333.1801
1.208409,63.53241, 495.086, 336.7411
1.213185,-139.4169, 304.4608, 105.8667
1.217972,-129.9863, 298.0678, 103.9669
1.222723,-122.937, 295.2114, 101.8526
1.227068,-116.9811, 294.5756, 99.88651
1.231561,-116.9811, 294.5756, 99.88651
1.236674,-113.1042, 295.2799, 97.7998
1.240685,-109.8664, 296.1275, 95.52493
1.24566,-107.1094, 297.5107, 93.72694
1.250355,-104.3193, 298.6352, 92.31329
1.254914,-104.3193, 298.6352, 92.31329
1.259395,-101.5813, 299.6183, 91.18922
1.26389,-98.88344, 300.1937, 89.78686
1.268874,-96.11704, 300.3416, 88.69407
1.273501,-93.34406, 300.2058, 87.52274
1.278239,-93.34406, 300.2058, 87.52274
1.28254,-90.77831, 299.7074, 86.46838
1.287022,-88.4029, 298.7912, 85.30048
1.29161,-86.26958, 297.5386, 83.91196
1.296066,-84.33779, 296.1091, 82.4192
1.301357,-82.62646, 294.611, 80.90445
1.305912,-81.01438, 292.8564, 79.41715
1.310029,-79.59685, 291.2748, 78.07674
1.314991,-78.32698, 290.2142, 76.92553
1.319568,-77.24313, 289.2944, 75.9073
1.324492,-77.24313, 289.2944, 75.9073
1.328499,-76.19752, 288.5595, 74.82327
1.333828,-75.25266, 287.8497, 73.86421
1.337895,-74.35104, 287.2368, 72.98811
1.342383,-74.35104, 287.2368, 72.98811
1.347124,-73.50958, 286.8185, 72.1515
1.352001,-72.7069, 286.3384, 71.32735
1.357626,-71.94512, 285.8659, 70.57635
1.363014,-71.94512, 285.8659, 70.57635
1.368314,-71.22839, 285.5588, 69.88006
1.372467,-70.59792, 285.2101, 69.2226
1.376845,-70.01099, 284.8845, 68.64316
1.381413,-69.49737, 284.5864, 68.08727
1.386164,-69.49737, 284.5864, 68.08727
1.390937,-69.06511, 284.5984, 67.57896
1.395316,-68.68903, 284.675, 67.10613
1.400708,-68.41473, 284.9588, 66.7
1.404953,-68.15756, 285.3355, 66.34296
1.409505,-68.15756, 285.3355, 66.34296
1.41439,-67.99373, 285.8809, 66.14635
1.419161,-67.86804, 286.49, 65.9741
1.423609,-67.79693, 286.9718, 65.76328
1.427823,-67.79693, 286.9718, 65.76328
1.432026,-67.78783, 287.4319, 65.60441
1.437383,-67.84313, 287.965, 65.46179
1.441364,-68.00972, 288.6066, 65.3276
1.446196,-68.00972, 288.6066, 65.3276
1.450774,-68.1955, 289.2545, 65.13377
1.456209,-68.50376, 290.0736, 64.94238
1.460849,-68.50376, 290.0736, 64.94238
1.465458,-68.94922, 291.1435, 64.80903
1.471003,-69.51584, 292.3535, 64.68951
1.475182,-70.13531, 293.7232, 64.66094
1.480013,-70.84512, 295.2171, 64.54855
1.484485,-71.56422, 296.5527, 64.45051
1.4894,-71.56422, 296.5527, 64.45051
1.493436,-72.24835, 297.889, 64.27426
1.497774,-72.92195, 298.9449, 64.00999
1.503005,-73.58459, 300.0328, 63.7109
1.50729,-73.58459, 300.0328, 63.7109
1.512357,-74.29381, 301.2209, 63.42999
1.516929,-74.98331, 302.5768, 63.17714
1.521303,-75.70229, 304.0752, 62.8699
1.526057,-76.36577, 305.7601, 62.66191
1.530165,-76.36577, 305.7601, 62.66191
1.535452,-76.99729, 307.4662, 62.42372
1.539962,-77.5598, 309.2396, 62.20947
1.544833,-78.12847, 311.1062, 61.97281
1.549592,-78.12847, 311.1062, 61.97281
1.553759,-78.64558, 313.0931, 61.79325
1.558874,-79.20018, 315.3436, 61.62089
1.56294,-79.65195, 317.5446, 61.47846
1.5682,-80.44765, 321.8884, 61.10863
1.572311,-80.80035, 324.1614, 60.96237
1.576929,-81.11228, 326.4473, 60.8602
1.58181,-81.11228, 326.4473, 60.8602
1.586474,-81.36682, 328.8551, 60.7979
1.591423,-81.65216, 331.282, 60.60344
1.595552,-81.879, 333.6889, 60.39455
1.600911,-81.879, 333.6889, 60.39455
1.605296,-81.99995, 335.9808, 60.20214
1.609644,-82.18949, 338.2297, 59.93813
1.614321,-82.20985, 340.1464, 59.68251
1.619309,-82.20985, 340.1464, 59.68251
1.623995,-82.30591, 342.0799, 59.49374
1.628472,-82.36641, 343.8902, 59.44234
1.633656,-82.43034, 345.6385, 59.32056
1.637865,-82.46302, 347.4626, 59.17746
1.642043,-82.63723, 349.674, 59.12235
1.646659,-82.80203, 352.0167, 59.03947
1.651205,-82.80203, 352.0167, 59.03947
1.656082,-83.07009, 354.4944, 59.0482
1.66026,-83.26541, 356.9201, 58.98958
1.665082,-83.46828, 359.1239, 59.00229
1.670589,-83.60194, 361.3506, 58.88075
1.674965,-83.78056, 363.369, 58.71946
1.679875,-83.78056, 363.369, 58.71946
1.684625,-83.90955, 365.1681, 58.59286
1.689575,-84.03249, 366.758, 58.49941
1.69373,-84.15184, 368.2679, 58.32319
1.698098,-84.27265, 369.7057, 58.0456
1.703138,-84.40807, 371.1458, 57.79658
1.707636,-84.55644, 372.6979, 57.72792
1.712998,-84.55644, 372.6979, 57.72792
1.717686,-84.78503, 374.2972, 57.58184
1.722845,-84.97541, 375.9446, 57.53463
1.726927,-84.97541, 375.9446, 57.53463
1.731544,-85.27961, 377.8547, 57.52388
1.736498,-85.51572, 379.7958, 57.63397
1.743304,-85.84126, 381.8673, 57.69815
1.748394,-85.84126, 381.8673, 57.69815
1.752935,-86.12341, 383.9124, 57.72195
1.758126,-86.41416, 385.7408, 57.80969
1.762222,-86.67287, 387.4569, 57.94249
1.767675,-86.67287, 387.4569, 57.94249
1.771961,-86.92287, 388.9851, 57.96223
1.776316,-87.22256, 390.3553, 58.0358
1.781085,-87.44932, 391.4233, 58.10955
1.785691,-87.44932, 391.4233, 58.10955
1.790509,-87.60703, 392.292, 58.14091
1.794839,-87.83018, 393.06, 58.12807
1.79917,-87.89433, 393.7427, 58.19214
1.80439,-88.06553, 394.2726, 58.21383
1.808717,-88.06553, 394.2726, 58.21383
1.81344,-88.14632, 394.7756, 58.1861
1.818676,-88.25701, 395.1322, 58.19395
1.823114,-88.36404, 395.4302, 58.13636
1.828004,-88.36404, 395.4302, 58.13636
1.834237,-88.50338, 395.7377, 58.20522
1.839433,-88.69606, 395.9842, 58.15079
1.843896,-88.82622, 396.296, 58.21513
1.848653,-88.82622, 396.296, 58.21513
1.853573,-88.95481, 396.6027, 58.24196
1.858292,-89.04323, 396.8665, 58.23155
1.877358,-89.18571, 396.9997, 58.27741
1.937174,-89.18571, 396.9997, 58.27741
1.948963,-89.31898, 397.2867, 58.30767
1.956027,-89.46769, 397.5872, 58.28117
1.963621,-89.541, 397.8427, 58.30318
1.972095,-89.541, 397.8427, 58.30318
1.980712,-89.65351, 398.0854, 58.28554
1.990889,-89.79225, 398.3578, 58.33671
1.997795,-89.92027, 398.6693, 58.29401
2.005498,-89.92027, 398.6693, 58.29401
2.011733,-89.99854, 398.844, 58.27673
2.018949,-90.00867, 399.0115, 58.30931
2.025489,-89.98609, 399.1673, 58.30158
2.03124,-89.98609, 399.1673, 58.30158
2.039042,-90.03042, 399.2655, 58.29426
2.045118,-90.00518, 399.3568, 58.35284
2.051938,-90.03652, 399.5046, 58.30708
2.059625,-89.98782, 399.5406, 58.27855
2.066072,-89.98782, 399.5406, 58.27855
2.073179,-89.96271, 399.614, 58.25496
2.083582,-89.87867, 399.6293, 58.22241
2.089728,-89.80282, 399.7359, 58.17049
2.097226,-89.80282, 399.7359, 58.17049
2.104499,-89.64453, 399.824, 58.07737
2.109582,-89.41369, 400.0058, 58.08811
2.11709,-89.20824, 400.2314, 58.1226
2.123386,-89.20824, 400.2314, 58.1226
2.130011,-89.04396, 400.6133, 58.1505
2.137253,-88.91315, 401.0519, 58.17764
2.143074,-88.73809, 401.6427, 58.26816
2.150444,-88.64584, 402.3409, 58.33577
2.155859,-88.64584, 402.3409, 58.33577
2.16292,-88.54652, 403.1718, 58.39788
2.170647,-88.49238, 404.0696, 58.45134
2.176798,-88.41019, 404.8871, 58.5286
2.183548,-88.3529, 405.794, 58.59804
2.189487,-88.30998, 406.5712, 58.63593
2.197626,-88.30998, 406.5712, 58.63593
2.204964,-88.2923, 407.3701, 58.68006
2.210861,-88.29026, 408.1424, 58.81375
2.218761,-88.27573, 409.6488, 59.00117
2.227163,-88.30161, 410.3811, 59.02163
2.233572,-88.32671, 411.0626, 59.11651
2.240469,-88.32671, 411.0626, 59.11651
2.247468,-88.3782, 411.8229, 59.18822
2.253293,-88.39208, 412.534, 59.26655
2.25992,-88.45906, 413.2361, 59.30179
2.265596,-88.52738, 413.902, 59.35426
2.272598,-88.52738, 413.902, 59.35426
2.279026,-88.54388, 414.5014, 59.43739
2.285937,-88.54795, 415.0078, 59.45081
2.292655,-88.5142, 415.5362, 59.39787
2.298773,-88.46905, 415.9625, 59.3486
2.306338,-88.46905, 415.9625, 59.3486
2.313728,-88.40598, 416.3332, 59.2375
2.319591,-88.34972, 416.6726, 59.20153
2.326595,-88.23198, 417.0133, 59.10527
2.332661,-88.23198, 417.0133, 59.10527
2.34097,-88.08905, 417.2863, 59.02236
2.348299,-87.9704, 417.6157, 58.99799
2.353832,-87.82941, 417.8715, 58.97842
2.362286,-87.63524, 418.1187, 58.96844
2.370753,-87.63524, 418.1187, 58.96844
2.376704,-87.41083, 418.3745, 58.90287
2.384557,-87.14317, 418.591, 58.80503
2.390753,-86.83338, 418.6528, 58.67722
2.396549,-86.83338, 418.6528, 58.67722
2.405187,-86.51717, 418.8133, 58.56252
2.4111,-86.13181, 418.9583, 58.43728
2.418206,-85.67603, 419.2673, 58.39858
2.42485,-85.20731, 419.6684, 58.35139
2.430503,-85.20731, 419.6684, 58.35139
2.437971,-84.58385, 419.7444, 58.30083
2.443423,-83.6755, 419.8204, 58.11973
2.450814,-82.76212, 419.8167, 57.97007
2.458734,-81.76431, 419.5959, 57.887
2.467277,-81.76431, 419.5959, 57.887
2.475031,-80.61634, 419.4728, 57.89226
2.483732,-79.35909, 419.569, 57.94931
2.489436,-79.35909, 419.569, 57.94931
2.495988,-77.81834, 420.0118, 58.34676
2.503751,-76.05938, 420.4774, 59.04765
2.510296,-74.18488, 420.922, 59.64604
2.517359,-72.43787, 421.0728, 59.86622
2.524225,-70.56876, 421.0431, 60.54231
2.529329,-70.56876, 421.0431, 60.54231
2.537147,-68.68037, 420.5335, 60.97575
2.543701,-66.96055, 420.3387, 61.6521
2.577752,-65.20579, 420.0603, 62.43979
2.587745,-65.20579, 420.0603, 62.43979
2.595057,-63.70837, 419.4729, 63.10413
2.602741,-62.26929, 418.7816, 63.52362
2.608253,-60.93295, 418.0811, 63.99519
2.614545,-60.93295, 418.0811, 63.99519
2.620916,-59.67608, 417.7266, 64.30084
2.628037,-58.61806, 417.893, 64.77992
2.633999,-57.87332, 418.4323, 65.07601
2.640721,-57.22786, 419.1467, 65.29915
2.647395,-56.73535, 420.1124, 65.40877
2.653538,-56.73535, 420.1124, 65.40877
2.660623,-56.64964, 421.2054, 65.39541
2.665904,-56.44307, 422.3471, 65.41202
2.673322,-56.37566, 423.4048, 65.44202
2.680148,-56.37566, 423.4048, 65.44202
2.685883,-56.21526, 424.389, 65.3988
2.693091,-56.22342, 425.2327, 65.36364
2.698784,-56.19976, 425.9493, 65.22636
2.705662,-56.11632, 426.58, 65.29768
2.710666,-56.11632, 426.58, 65.29768
2.718221,-56.10689, 427.029, 65.29219
2.72523,-56.16013, 427.5858, 65.29774
2.731154,-56.25436, 428.1392, 65.28017
2.738329,-56.25436, 428.1392, 65.28017
2.74342,-56.42891, 429.0063, 65.34337
2.750904,-56.62991, 429.785, 65.40311
2.757981,-56.87717, 430.5347, 65.42696
2.762966,-57.16914, 431.1656, 65.28642
2.770578,-57.46885, 431.7182, 65.20268
2.776732,-57.46885, 431.7182, 65.20268
2.784431,-57.79082, 432.2049, 65.03376
2.791521,-58.18917, 432.7106, 64.86212
2.796966,-58.56726, 433.308, 64.77601
2.804591,-58.56726, 433.308, 64.77601
2.811077,-58.92478, 434.1451, 64.65675
2.818595,-59.30529, 435.1654, 64.61584
2.825487,-59.68079, 436.3079, 64.69286
2.830613,-60.07806, 437.3995, 64.79189
2.83839,-60.07806, 437.3995, 64.79189
2.84432,-60.36265, 438.4528, 64.91257
2.851297,-60.57996, 439.3571, 64.97361
2.857543,-60.8388, 440.075, 65.05742
2.863267,-60.8388, 440.075, 65.05742
2.870214,-60.98294, 440.6787, 65.12511
2.875366,-61.12057, 441.0452, 65.28618
2.882143,-60.29902, 437.7861, 65.55307
2.888906,-59.90015, 436.5471, 65.69047
2.895684,-59.30574, 435.1347, 65.82865
2.903175,-58.58488, 433.6676, 66.00676
2.908451,-58.58488, 433.6676, 66.00676
2.916398,-57.77334, 432.208, 66.29903
2.922575,-56.82217, 430.5766, 66.49557
2.930236,-55.72846, 429.0962, 66.81012
2.937469,-54.58686, 428.2555, 67.25654
2.942629,-54.58686, 428.2555, 67.25654
2.962193,-53.27028, 427.2709, 67.59278
2.970641,-51.83011, 426.2463, 67.75677
2.977597,-50.34306, 425.5744, 68.26701
2.985343,-49.04215, 425.2217, 68.55497
2.993024,-47.67085, 425.093, 68.92081
2.998293,-47.67085, 425.093, 68.92081
3.005207,-46.23032, 424.8944, 69.11013
3.010963,-44.77197, 424.5248, 69.40678
3.018068,-43.51815, 424.6768, 69.75935
3.024082,-42.21664, 424.9771, 70.01457
3.029434,-42.21664, 424.9771, 70.01457
3.037227,-40.87891, 425.1743, 69.94385
3.043272,-39.38963, 425.1273, 69.85742
3.05032,-37.88869, 425.498, 69.6532
3.056591,-36.42242, 426.2592, 69.4677
3.063526,-36.42242, 426.2592, 69.4677
3.071612,-34.85459, 426.8484, 69.14192
3.077278,-33.10524, 426.3509, 68.68846
3.084958,-33.10524, 426.3509, 68.68846
3.091278,-31.32676, 426.6973, 68.7262
3.097309,-29.70566, 427.0295, 68.90194
3.10437,-28.07842, 427.4763, 69.53831
3.109438,-26.52676, 428.215, 70.25275
3.116907,-26.52676, 428.215, 70.25275
3.123019,-24.94814, 429.1568, 71.21342
3.130544,-23.46661, 429.7605, 71.78534
3.137997,-22.09846, 430.0601, 72.61179
3.144334,-20.46264, 430.011, 73.50671
3.151821,-20.46264, 430.011, 73.50671
3.158808,-18.70498, 429.8228, 74.97891
3.164683,-16.9911, 429.7973, 76.80431
3.171747,-15.04605, 429.6635, 78.75555
3.176842,-13.05531, 429.0327, 81.04196
3.184246,-13.05531, 429.0327, 81.04196
3.19102,-11.06988, 428.3075, 83.45818
3.196257,-9.239315, 427.3479, 86.15704
3.203997,-7.533994, 426.6647, 88.4658
3.210086,-7.533994, 426.6647, 88.4658
3.217106,-6.101268, 426.0572, 90.90963
3.222636,-5.066475, 425.88, 93.20447
3.229359,-5.066475, 425.88, 93.20447
3.236956,-3.930219, 425.2643, 94.95638
3.242836,-2.887958, 424.7818, 96.01236
3.248646,-1.948794, 424.4332, 96.62263
3.255074,-0.9925004, 423.9649, 97.09647
3.262795,-0.9925004, 423.9649, 97.09647
3.270013,-0.1467985, 423.5474, 97.5713
3.275254,0.6861781, 423.4025, 97.97305
3.283738,1.591198, 423.4732, 98.19884
3.289383,1.591198, 423.4732, 98.19884
3.298526,2.452095, 423.6502, 98.45734
3.307141,3.212138, 423.6315, 98.59722
3.31543,3.960181, 423.4968, 98.79408
3.321962,3.960181, 423.4968, 98.79408
3.32873,4.577882, 423.1136, 99.01571
3.33556,5.069555, 423.0482, 99.46075
3.341228,5.39566, 423.0796, 100.0571
3.348613,5.619369, 423.4178, 100.7939
3.354725,5.619369, 423.4178, 100.7939
3.363756,5.634953, 423.9153, 101.4692
3.371838,5.535633, 424.4826, 101.9413
3.37755,5.452373, 425.1709, 102.5397
3.385459,5.452373, 425.1709, 102.5397
3.392819,5.258915, 425.894, 103.4266
3.398861,4.963579, 426.7675, 104.3171
3.406183,4.540537, 427.7314, 105.2307
3.41328,3.879092, 428.7754, 106.0983
3.419397,3.879092, 428.7754, 106.0983
3.426954,2.818384, 429.8158, 106.9591
3.432522,1.392815, 431.755, 107.8605
3.440202,1.392815, 431.755, 107.8605
3.446526,-0.2229835, 433.9882, 108.8887
3.452878,-2.256755, 435.8425, 109.7877
3.460238,-4.519224, 438.1169, 110.7645
3.465542,-9.632215, 441.7624, 112.5957
3.472931,-12.6507, 442.9815, 113.262
3.479724,-16.08142, 443.278, 113.9905
3.48638,-19.47631, 442.8721, 114.8339
3.493359,-19.47631, 442.8721, 114.8339
3.498654,-23.10397, 442.4308, 115.8144
3.506224,-26.43059, 441.4036, 116.9655
3.513739,-30.00717, 440.3015, 117.8651
3.519945,-30.00717, 440.3015, 117.8651
3.526983,-33.3182, 438.756, 118.7083
3.532637,-36.5593, 437.2888, 119.1131
3.540488,-40.13207, 435.8219, 119.3614
3.547565,-43.4469, 434.0867, 119.695
3.552958,-43.4469, 434.0867, 119.695
3.560028,-46.45289, 433.3923, 120.3058
3.564288,-49.44619, 432.4785, 120.5949
3.569258,-52.28152, 432.1866, 120.7173
3.573493,-55.03098, 432.3985, 120.7564
3.578305,-58.33948, 432.129, 120.1514
3.583407,-62.35402, 432.2902, 120.0949
3.588067,-62.35402, 432.2902, 120.0949
3.592797,-66.52365, 432.3042, 120.8168
3.597294,-70.42117, 432.0111, 122.1735
3.602561,-74.29565, 431.8273, 123.5701
3.607019,-74.29565, 431.8273, 123.5701
3.612241,-77.96447, 431.5735, 124.8222
3.617431,-81.26903, 431.2996, 126.3636
3.622849,-84.46852, 431.2715, 127.7295
3.627301,-84.46852, 431.2715, 127.7295
3.631979,-87.22408, 431.5027, 128.9522
3.637424,-89.68443, 431.8453, 130.021
3.641876,-91.90055, 432.0931, 130.409
3.646738,-93.81869, 432.1515, 130.2554
3.651906,-95.33261, 432.0348, 129.5103
3.659414,-96.2498, 431.5471, 128.4724
3.666655,-96.2498, 431.5471, 128.4724
3.671339,-96.62475, 431.1848, 127.773
3.675596,-96.35458, 430.7113, 127.2473
3.680519,-95.88856, 430.1022, 126.8889
3.685286,-95.46986, 429.1075, 126.1542
3.690151,-95.46986, 429.1075, 126.1542
3.694407,-94.65399, 427.9464, 125.2307
3.698833,-93.46617, 426.5847, 124.0573
3.703797,-91.62207, 425.0175, 122.7173
3.708671,-89.38258, 423.6784, 121.5858
3.713791,-89.38258, 423.6784, 121.5858
3.718593,-86.47459, 422.8329, 120.541
3.723394,-83.27072, 422.2483, 119.3877
3.727686,-79.98532, 421.763, 118.2619
3.731858,-76.43416, 421.288, 116.848
3.737062,-76.43416, 421.288, 116.848
3.74122,-72.71524, 421.3499, 115.4039
3.74603,-68.68483, 421.4243, 113.622
3.751159,-64.69823, 421.4515, 111.5054
3.756232,-64.69823, 421.4515, 111.5054
3.760777,-60.71022, 421.2284, 109.4873
3.764954,-56.51682, 420.5257, 107.6631
3.770543,-51.9426, 418.8178, 105.6539
3.774724,-51.9426, 418.8178, 105.6539
3.779416,-47.1485, 417.8588, 103.7467
3.784082,-41.89054, 416.134, 101.0898
3.788841,-36.49216, 414.7941, 98.37474
3.792958,-31.81469, 413.6305, 96.09026
3.797253,-27.32936, 413.0863, 94.37584
3.802716,-22.9081, 412.7013, 92.70402
3.806725,-18.27978, 412.9119, 91.08338
3.811616,-13.32132, 412.869, 89.65157
3.816287,-13.32132, 412.869, 89.65157
3.821266,-8.377328, 412.94, 88.40011
3.825984,-3.314649, 412.6858, 86.82803
3.830229,-3.314649, 412.6858, 86.82803
3.835341,1.72081, 411.6112, 84.84245
3.839769,6.581136, 408.9267, 82.61026
3.844521,11.25626, 406.238, 80.95551
3.848765,15.59482, 404.3423, 80.28767
3.853311,19.59366, 403.6843, 80.98291
3.85833,19.59366, 403.6843, 80.98291
3.862715,23.38752, 403.2878, 81.79502
3.868042,27.0097, 403.9075, 82.20659
3.872362,37.26329, 409.3489, 82.20126
3.876508,37.26329, 409.3489, 82.20126
3.88149,40.41907, 411.3261, 80.70394
3.885897,43.6833, 413.0052, 79.65488
3.89086,43.6833, 413.0052, 79.65488
3.895024,46.29684, 413.8694, 78.41579
3.900115,48.84303, 414.9794, 78.04841
3.904222,51.39146, 416.0728, 77.79279
3.911563,53.48357, 416.4002, 77.6425
3.916927,53.48357, 416.4002, 77.6425
3.921415,55.41734, 416.9434, 78.68988
3.926454,57.35455, 417.5862, 79.742
3.930893,57.35455, 417.5862, 79.742
3.936625,59.15786, 417.7874, 81.20454
3.941049,61.00406, 417.7091, 82.48524
3.945869,62.94098, 417.8699, 84.00321
3.95067,64.86186, 417.7487, 85.39442
3.95606,64.86186, 417.7487, 85.39442
3.960451,66.98504, 418.0284, 86.8091
3.964554,69.17673, 418.2081, 88.22899
3.970059,71.26718, 418.5693, 89.91738
3.974036,73.60303, 418.9212, 91.60773
3.979072,73.60303, 418.9212, 91.60773
3.983923,75.86581, 419.1566, 93.11332
3.988408,77.85363, 419.5388, 95.02547
3.9925,79.95732, 419.5878, 96.57227
3.997022,82.17982, 419.3217, 97.5938
4.002314,82.17982, 419.3217, 97.5938
4.006443,84.5689, 419.3954, 98.91359
4.011348,86.92233, 418.9285, 99.75027
4.01535,89.21267, 418.6515, 100.7809
4.020361,91.48106, 418.2957, 101.7262
4.025246,93.75085, 417.8314, 102.4638
4.029593,93.75085, 417.8314, 102.4638
4.034802,95.91604, 417.8376, 103.5287
4.039123,98.07203, 417.8514, 104.3143
4.043076,99.8559, 418.0894, 104.6436
4.04786,99.8559, 418.0894, 104.6436
4.052255,101.5547, 418.6299, 105.0657
4.057295,103.1447, 419.2474, 105.3338
4.061535,104.8801, 420.3558, 105.6712
4.06685,106.4574, 421.3548, 105.7509
4.071029,106.4574, 421.3548, 105.7509
4.075771,107.9839, 422.7639, 105.8129
4.080657,109.3443, 424.2575, 105.9646
4.085017,110.6244, 425.7023, 106.1188
4.090052,110.6244, 425.7023, 106.1188
4.094006,112.1021, 427.4521, 106.4052
4.098653,113.7105, 429.0686, 106.5354
4.10352,115.3016, 430.8239, 106.7276
4.108136,116.9587, 432.4676, 107.0552
4.112878,116.9587, 432.4676, 107.0552
4.117554,118.3583, 433.9577, 107.2559
4.121996,119.7406, 434.9192, 107.437
4.138707,120.9637, 435.4404, 107.5419
4.143576,120.9637, 435.4404, 107.5419
4.148183,122.0419, 436.0905, 107.7593
4.153101,123.1152, 436.6815, 108.2564
4.158302,123.9444, 436.9547, 108.9848
4.162273,123.9444, 436.9547, 108.9848
4.167775,124.6972, 437.2101, 109.6796
4.171834,125.4243, 437.2163, 110.3504
4.176289,126.1235, 437.1236, 110.8842
4.18097,126.1235, 437.1236, 110.8842
4.185721,126.7235, 436.9584, 111.1684
4.190659,127.3473, 436.5015, 111.3244
4.195122,127.9054, 436.122, 111.5716
4.200261,128.45, 435.6593, 111.6713
4.204739,128.45, 435.6593, 111.6713
4.208762,129.1439, 435.4107, 111.5395
4.21375,129.7446, 435.1138, 111.4148
4.218128,129.7446, 435.1138, 111.4148
4.222951,130.3788, 434.8931, 111.2919
4.22717,131.083, 434.5573, 110.9791
4.231496,134.0793, 435.1154, 110.5231
4.236856,134.0793, 435.1154, 110.5231
4.24109,135.089, 435.3553, 110.2976
4.246215,136.1178, 435.6078, 110.0567
4.250573,136.1178, 435.6078, 110.0567
4.255766,137.0721, 435.8048, 109.7515
4.260142,138.1275, 436.1232, 109.5573
4.264307,139.2604, 436.7032, 109.5956
4.268933,140.3351, 437.4094, 109.6974
4.27323,141.4235, 438.1584, 109.9285
4.277889,141.4235, 438.1584, 109.9285
4.282375,142.453, 439.0926, 110.2841
4.286927,143.4617, 439.6077, 110.5624
4.291803,144.3429, 440.1623, 110.6687
4.295887,144.3429, 440.1623, 110.6687
4.301306,145.2263, 440.6113, 110.7237
4.305682,146.1059, 441.2065, 110.7507
4.309935,146.986, 441.882, 110.8943
4.314813,146.986, 441.882, 110.8943
4.319251,147.7474, 442.6942, 110.9821
4.324218,148.4469, 443.5054, 111.1068
4.328313,149.1048, 444.2725, 111.1999
4.334008,149.7055, 444.8826, 111.2445
4.337992,149.7055, 444.8826, 111.2445
4.342435,150.3275, 445.3479, 111.2239
4.347089,150.8101, 445.4363, 111.137
4.351882,151.1077, 445.42, 111.0737
4.356653,151.1077, 445.42, 111.0737
4.361988,151.3616, 445.0535, 110.9197
4.36816,151.6334, 444.4824, 110.6783
4.372427,151.7537, 443.7925, 110.4061
4.3769,151.8534, 442.7626, 109.9428
4.38154,151.8534, 442.7626, 109.9428
4.386446,152.0228, 441.7034, 109.4128
4.391147,152.2605, 440.6746, 108.8068
4.395461,152.2605, 440.6746, 108.8068
4.400734,152.414, 439.7971, 108.1711
4.404904,152.5951, 438.9748, 107.5053
4.409127,152.7567, 438.2541, 107.0063
4.414443,152.7567, 438.2541, 107.0063
4.419229,153.0131, 437.8018, 106.5957
4.423984,153.3246, 437.4999, 106.3099
4.428705,153.7312, 437.2904, 106.0586
4.43389,153.7312, 437.2904, 106.0586
4.43819,154.2905, 437.0869, 105.8136
4.442486,155.0582, 437.019, 105.6391
4.447475,155.951, 436.9573, 105.3855
4.452048,155.951, 436.9573, 105.3855
4.457384,156.9877, 437.0256, 105.1602
4.461982,158.2275, 437.4194, 105.0827
4.467352,159.3874, 437.8692, 105.0918
4.471844,160.4758, 438.3979, 105.076
4.4759,160.4758, 438.3979, 105.076
4.480906,161.3398, 438.843, 104.9693
4.485256,162.2187, 439.4086, 104.7542
4.490067,163.1795, 440.0554, 104.4427
4.49415,163.1795, 440.0554, 104.4427
4.499305,164.217, 440.8807, 104.1843
4.504951,165.4015, 441.8904, 103.895
4.5089,166.6116, 442.9834, 103.5277
4.513633,166.6116, 442.9834, 103.5277
4.51815,167.7416, 444.1506, 103.1989
4.523151,168.9892, 445.2992, 102.8368
4.527082,170.2316, 446.3945, 102.4404
4.531355,171.3931, 447.0981, 101.9166
4.536272,171.3931, 447.0981, 101.9166
4.540795,172.6531, 447.6589, 101.1308
4.545456,173.8682, 448.1623, 100.3284
4.550463,174.965, 448.6621, 99.5556
4.55531,176.0365, 449.0098, 98.69226
4.559647,176.8726, 449.2882, 97.76102
4.563606,178.268, 449.3646, 96.11523
4.568905,178.6976, 449.2778, 95.41139
4.572969,179.0745, 449.021, 94.65221
4.577852,179.4683, 448.9049, 93.96028
4.581967,179.4683, 448.9049, 93.96028
4.586458,179.8167, 448.829, 93.25599
4.591105,180.1004, 448.7356, 92.77627
4.595491,180.4373, 448.8045, 92.26913
4.600818,180.4373, 448.8045, 92.26913
4.605129,180.7137, 448.7252, 91.83189
4.609522,180.9231, 448.52, 91.41208
4.614294,181.0462, 448.3597, 90.94417
4.61903,181.0462, 448.3597, 90.94417
4.623634,181.1131, 448.0566, 90.59454
4.628096,181.1103, 447.7083, 90.36802
4.63224,181.0321, 447.3921, 90.09023
4.637436,181.0397, 446.9955, 89.72928
4.641508,180.9487, 446.5442, 89.31335
4.646433,180.9487, 446.5442, 89.31335
4.65128,180.7995, 446.0034, 88.96049
4.656202,180.5585, 445.5497, 88.66177
4.660398,180.456, 444.9799, 88.30435
4.664701,180.456, 444.9799, 88.30435
4.670043,180.2412, 444.3968, 87.91549
4.674183,180.0265, 443.8398, 87.51041
4.679013,179.7962, 443.281, 87.1137
4.683672,179.7962, 443.281, 87.1137
4.688817,179.4582, 442.616, 86.69748
4.69301,179.0539, 441.873, 86.13424
4.697496,178.6243, 441.2537, 85.50729
4.702512,178.1982, 440.7166, 84.89595
4.706867,178.1982, 440.7166, 84.89595
4.711502,177.5909, 440.0683, 84.2485
4.716352,177.0897, 439.4411, 83.59602
4.720799,176.4483, 438.9061, 82.83194
4.72643,175.9905, 438.5646, 82.16503
4.73103,175.9905, 438.5646, 82.16503
4.746726,175.5162, 438.4015, 81.4858
4.755237,175.0085, 438.1571, 80.68259
4.762502,175.0085, 438.1571, 80.68259
4.769763,174.4134, 437.8616, 79.71951
4.774891,173.82, 437.5126, 78.68578
4.783839,173.078, 436.9175, 77.53018
4.790778,172.1997, 436.2664, 76.25127
4.797445,172.1997, 436.2664, 76.25127
4.80484,171.4129, 435.4861, 74.84712
4.809878,170.3715, 434.6744, 73.21558
4.817363,169.1917, 433.5717, 71.37671
4.82466,169.1917, 433.5717, 71.37671
4.830506,168.0882, 432.57, 69.61397
4.83892,166.9937, 431.5812, 67.76435
4.844579,165.8333, 430.507, 65.76448
4.85246,165.8333, 430.507, 65.76448
4.860551,164.6971, 429.2878, 63.48309
4.86751,163.6528, 427.9179, 60.81149
4.876454,162.6402, 426.5218, 58.16557
4.886605,161.776, 425.2608, 54.91717
4.897254,161.776, 425.2608, 54.91717
4.903994,161.0006, 423.9044, 51.40239
4.909843,160.3531, 422.6154, 47.72892
4.916987,159.5904, 420.95, 44.06392
4.923707,159.5904, 420.95, 44.06392
4.928889,158.7822, 419.4759, 40.44342
4.936631,157.8935, 417.6102, 36.73886
4.942175,156.7056, 415.8036, 33.15651
4.949778,155.4661, 413.7122, 29.71022
4.956003,155.4661, 413.7122, 29.71022
4.962835,153.9492, 411.637, 26.41072
4.970376,148.7935, 406.7594, 17.90772
4.976408,148.7935, 406.7594, 17.90772
4.982884,146.797, 404.9799, 15.89072
4.988635,144.8576, 403.1968, 13.37821
4.995625,144.8576, 403.1968, 13.37821
5.003732,142.8059, 401.5402, 11.02365
5.008926,141.2901, 400.1765, 8.613839
5.016078,139.5905, 398.4491, 6.060164
5.022347,139.5905, 398.4491, 6.060164
5.029601,138.5238, 397.8112, 3.395082
5.037329,138.0767, 397.5631, 0.4314507
5.042996,137.9545, 398.0475, -2.848573
5.050679,138.0669, 399.1961, -5.972373
5.057864,138.2381, 401.0948, -9.232713
5.063511,138.2381, 401.0948, -9.232713
5.070406,138.2596, 402.9071, -12.32297
5.075773,138.3851, 405.6636, -15.32084
5.082956,138.3248, 408.1566, -18.09965
5.088579,138.3248, 408.1566, -18.09965
5.094859,138.4255, 411.0257, -20.80251
5.102,138.8009, 414.0307, -23.45471
5.107809,138.9443, 416.607, -26.00333
5.114194,138.8118, 418.5132, -28.54871
5.120464,138.8118, 418.5132, -28.54871
5.128489,138.7288, 420.2433, -30.9367
5.136334,138.2654, 421.2925, -33.38211
5.142632,137.9728, 422.0071, -35.36658
5.15025,137.7487, 422.7123, -37.29002
5.155632,137.7487, 422.7123, -37.29002
5.162346,137.3749, 422.809, -38.78801
5.170464,137.2534, 423.3904, -40.04451
5.175967,137.2534, 423.3904, -40.04451
5.182751,137.1444, 423.9722, -41.44753
5.189761,137.0613, 424.2871, -42.94633
5.196945,136.7843, 424.761, -44.4823
5.204327,136.635, 425.3502, -45.78416
5.209492,136.5904, 426.0641, -46.93088
5.216548,136.5904, 426.0641, -46.93088
5.22225,136.6939, 426.8799, -48.09168
5.229639,136.9033, 427.7615, -49.16833
5.236444,136.9033, 427.7615, -49.16833
5.241922,137.1276, 428.43, -50.2073
5.249763,137.4555, 429.1499, -50.95338
5.255702,137.8081, 429.6648, -51.85529
5.27534,137.8081, 429.6648, -51.85529
5.283722,138.1263, 430.0858, -52.65631
5.290573,138.5245, 430.4107, -53.35043
5.295902,138.9382, 430.7531, -53.93549
5.304017,138.9382, 430.7531, -53.93549
5.310132,139.2851, 431.1002, -54.56733
5.317649,139.6862, 431.3796, -55.12926
5.324016,140.1039, 431.7025, -55.65498
5.328896,140.6046, 432.1457, -56.18844
5.336779,140.6046, 432.1457, -56.18844
5.34328,141.2991, 432.5701, -56.63086
5.350583,142.0775, 433.2343, -57.0427
5.357268,143.0126, 434.094, -57.57572
5.365474,143.0126, 434.094, -57.57572
5.374239,143.943, 434.7074, -58.26692
5.381778,145.0786, 435.3187, -59.20599
5.388212,146.3228, 435.8148, -60.12441
5.395294,147.5457, 435.9951, -61.11708
5.402329,148.8186, 436.1015, -62.0133
5.407823,148.8186, 436.1015, -62.0133
5.418389,150.0513, 436.1753, -62.86184
5.425093,154.0281, 435.2839, -65.1532
5.431476,154.0281, 435.2839, -65.1532
5.438758,155.3212, 434.7729, -65.97368
5.444417,156.5472, 434.0079, -66.70686
5.451587,157.8628, 433.3344, -67.45925
5.459736,157.8628, 433.3344, -67.45925
5.468116,159.2035, 432.878, -68.02892
5.475226,160.5569, 432.4036, -68.58525
5.482416,161.9733, 431.5836, -68.91064
5.489334,163.3062, 430.7031, -69.12358
5.495824,163.3062, 430.7031, -69.12358
5.502868,164.5224, 429.7742, -69.30579
5.50848,165.7229, 428.8355, -69.69363
5.514907,166.8968, 427.8473, -69.92955
5.520374,167.9796, 426.8767, -70.23266
5.527525,169.1857, 426.1366, -70.52179
5.533838,169.1857, 426.1366, -70.52179
5.540591,170.4483, 425.6122, -70.80666
5.547421,171.7189, 425.2985, -71.1085
5.553435,172.9185, 424.8551, -71.28546
5.560536,172.9185, 424.8551, -71.28546
5.566305,174.0645, 424.5456, -71.61268
5.573051,175.4703, 424.6978, -71.79764
5.579538,176.7918, 424.7982, -72.07816
5.585992,178.2188, 424.8372, -72.3441
5.593668,178.2188, 424.8372, -72.3441
5.59928,179.6519, 425.3781, -72.59932
5.606405,181.0059, 426.0842, -72.77065
5.613552,182.3785, 426.8717, -73.10823
5.620158,182.3785, 426.8717, -73.10823
5.627054,183.7865, 427.8265, -73.73877
5.631999,185.0036, 428.4626, -74.4166
5.639471,185.0036, 428.4626, -74.4166
5.646532,186.8395, 429.376, -75.54881
5.652858,186.8395, 429.376, -75.54881
5.65921,187.7336, 429.7122, -76.17091
5.665034,188.3858, 429.9816, -76.75957
5.672435,189.0849, 430.2426, -77.33352
5.677838,189.6216, 430.6064, -77.63908
5.684847,189.6216, 430.6064, -77.63908
5.691788,190.1059, 431.0322, -77.85427
5.697945,190.381, 431.4547, -78.13448
5.705096,190.6592, 431.9959, -78.38084
5.710494,190.6592, 431.9959, -78.38084
5.717783,190.8801, 432.7019, -78.65921
5.725364,191.0161, 433.4246, -79.01962
5.730731,191.0899, 434.0854, -79.44574
5.737471,191.0899, 434.0854, -79.44574
5.743082,190.988, 434.7358, -79.9416
5.750331,190.6961, 435.4568, -80.39326
5.757246,189.9373, 435.6184, -80.82632
5.762221,188.8961, 435.5933, -81.208
5.769567,188.8961, 435.5933, -81.208
5.77583,187.4651, 435.3418, -81.53605
5.783362,185.8171, 434.9423, -82.08789
5.788471,183.7975, 434.2823, -82.37728
5.795567,181.5563, 433.5858, -82.68311
5.804237,181.5563, 433.5858, -82.68311
5.809949,179.0459, 432.7957, -82.89516
5.8164,176.1688, 431.8706, -83.05189
5.823341,173.2028, 430.7765, -83.21587
5.830462,169.9759, 429.3492, -83.21861
5.838663,169.9759, 429.3492, -83.21861
5.844502,159.5206, 425.4675, -83.34164
5.851149,159.5206, 425.4675, -83.34164
5.857835,155.4733, 423.6848, -82.98512
5.863639,151.1767, 422.1071, -82.24918
5.870811,146.933, 420.2514, -81.84578
5.875912,146.933, 420.2514, -81.84578
5.884744,142.6425, 418.9962, -81.14053
5.892163,138.3686, 418.1784, -80.82328
5.897958,134.321, 417.6751, -80.60015
5.905612,130.3085, 417.7749, -80.25387
5.910552,130.3085, 417.7749, -80.25387
5.918953,125.9583, 417.3061, -79.25744
5.926812,121.4435, 417.5669, -78.47102
5.933001,117.0924, 417.9486, -77.70236
5.939906,117.0924, 417.9486, -77.70236
5.947226,112.7961, 419.0149, -76.86339
5.952803,108.3503, 419.7376, -76.39124
5.960004,108.3503, 419.7376, -76.39124
5.977938,104.08, 420.5264, -75.92529
5.986169,99.67422, 420.5927, -74.71616
5.993397,95.52349, 421.3199, -74.07033
5.999044,91.4326, 421.7732, -73.97108
6.006513,91.4326, 421.7732, -73.97108
6.013578,87.40421, 422.1, -74.06832
6.020773,83.12901, 422.3474, -74.09402
6.027775,79.05925, 423.7296, -73.9242
6.033446,79.05925, 423.7296, -73.9242
6.040193,75.28596, 425.7028, -73.71107
6.047332,71.47293, 427.6535, -73.73981
6.05446,67.70122, 430.3806, -73.75327
6.061842,64.23427, 432.9061, -73.66348
6.068494,64.23427, 432.9061, -73.66348
6.074542,60.66038, 434.622, -73.75315
6.082945,57.35928, 436.9821, -73.38262
6.088785,53.92771, 437.9825, -73.0142
6.095615,53.92771, 437.9825, -73.0142
6.102894,50.78067, 439.5981, -72.66427
6.108541,46.93538, 440.3567, -71.96291
6.115915,43.02796, 440.331, -71.26068
6.122206,43.02796, 440.331, -71.26068
6.12841,38.9522, 440.8197, -70.59537
6.135838,35.22678, 440.4694, -69.23985
6.142959,31.55324, 440.6047, -68.28332
6.150276,28.52447, 440.4633, -67.25193
6.157444,25.41849, 441.1272, -66.39609
6.162539,25.41849, 441.1272, -66.39609
6.170022,22.21952, 441.3463, -65.56982
6.176495,18.99954, 441.8507, -64.74653
6.183791,16.14798, 441.0431, -64.34547
6.19067,13.52045, 440.9429, -64.59706
6.195914,11.11344, 440.0217, -65.46079
6.203468,11.11344, 440.0217, -65.46079
6.209592,9.065977, 439.7175, -66.02291
6.217294,6.620279, 439.8309, -67.16146
6.223341,6.620279, 439.8309, -67.16146
6.229071,4.254429, 439.7745, -67.9286
6.236954,1.874795, 440.8185, -68.40501
6.242902,-0.7292109, 442.3877, -68.63403
6.249975,-3.64187, 443.972, -68.50434
6.256422,-6.74945, 445.9279, -68.81394
6.26435,-13.65399, 450.9723, -69.60829
6.272495,-17.60958, 453.9909, -69.93176
6.279861,-17.60958, 453.9909, -69.93176
6.286298,-22.39215, 457.4246, -70.07807
6.293242,-28.33299, 460.8476, -70.67109
6.29856,-34.53676, 464.1596, -71.05173
6.306043,-34.53676, 464.1596, -71.05173
6.312818,-41.50394, 466.6096, -70.9072
6.318361,-48.1953, 468.2295, -71.42754
6.325265,-53.05931, 468.8825, -72.40752
6.331089,-56.29597, 468.129, -73.57897
6.33876,-56.29597, 468.129, -73.57897
6.343604,-58.35949, 467.5217, -73.98743
6.352028,-58.8177, 465.9886, -73.89398
6.360129,-58.8177, 465.9886, -73.89398
6.367246,-58.42767, 464.1351, -72.99162
6.374618,-57.78244, 453.4997, -68.71039
6.381248,-58.25647, 452.9098, -68.63842
6.387099,-58.87219, 453.2253, -68.91669
6.39397,-59.55408, 453.8574, -69.13596
6.400239,-60.52805, 454.4498, -69.59219
6.40738,-60.52805, 454.4498, -69.59219
6.414299,-61.75207, 454.9073, -70.1806
6.420225,-62.98719, 455.1465, -70.46233
6.428809,-64.07324, 455.1376, -70.40754
6.436633,-65.25542, 455.08, -70.32462
6.442849,-66.47733, 454.7335, -70.38851
6.450068,-66.47733, 454.7335, -70.38851
6.455903,-67.62685, 454.0935, -70.52264
6.463712,-68.68822, 453.2029, -70.45863
6.471169,-70.08914, 452.1678, -70.41467
6.476932,-70.08914, 452.1678, -70.41467
6.483663,-71.43841, 450.771, -70.06811
6.490382,-72.64725, 450.0084, -70.18253
6.497532,-73.85825, 449.0301, -70.09267
6.505566,-75.1739, 448.0798, -69.91469
6.511192,-75.1739, 448.0798, -69.91469
6.518085,-76.73556, 447.4016, -69.71947
6.525646,-78.11108, 447.2827, -69.3129
6.531669,-79.23563, 447.4574, -68.55014
6.5388,-80.35893, 447.042, -67.46826
6.543914,-80.35893, 447.042, -67.46826
6.551142,-81.32461, 446.3032, -66.35541
6.558912,-82.43016, 445.6945, -65.3029
6.564842,-83.61069, 445.7029, -64.63813
6.571832,-84.74992, 446.3992, -64.26389
6.577002,-85.93259, 447.2288, -64.1291
6.584432,-85.93259, 447.2288, -64.1291
6.591716,-87.24785, 447.9478, -64.17511
6.596988,-88.78685, 448.3048, -64.29591
6.604298,-90.52505, 449.0126, -64.4854
6.622849,-92.1554, 449.9632, -64.53998
6.630326,-92.1554, 449.9632, -64.53998
6.679071,-93.72382, 451.3408, -64.69193
6.688987,-95.19131, 452.1477, -64.71246
6.696115,-96.65304, 452.6385, -64.53984
6.703343,-97.94836, 452.8185, -64.34819
6.708372,-98.81154, 453.0894, -64.07816
6.715809,-99.70638, 453.4895, -63.69234
6.722928,-100.0738, 453.8649, -63.73492
6.730156,-100.3528, 454.4562, -63.77128
6.737799,-100.3528, 454.4562, -63.77128
6.74381,-100.6924, 455.2386, -63.95545
6.751543,-100.9485, 456.156, -64.11906
6.758571,-101.0961, 457.0832, -64.20118
6.765435,-101.2488, 458.0392, -64.34144
6.773211,-101.2488, 458.0392, -64.34144
6.78024,-101.3033, 458.9017, -64.47532
6.786568,-101.3094, 459.5394, -64.60911
6.793865,-101.1026, 460.0188, -64.70129
6.800485,-101.1026, 460.0188, -64.70129
6.807941,-100.8115, 460.1249, -64.64336
6.815145,-100.4325, 460.1796, -64.53863
6.820477,-99.97001, 460.1842, -64.20496
6.827781,-99.97001, 460.1842, -64.20496
6.834594,-99.42111, 460.2429, -63.6484
6.841805,-98.76138, 460.2312, -62.9636
6.848063,-98.05171, 460.3874, -62.23986
6.853833,-97.21912, 460.7198, -61.4992
6.861131,-97.21912, 460.7198, -61.4992
6.867607,-96.23781, 461.2923, -60.85244
6.874114,-95.095, 461.8064, -60.05848
6.88103,-94.11409, 462.4768, -59.39048
6.88774,-94.11409, 462.4768, -59.39048
6.89576,-93.09624, 463.1688, -58.99592
6.903599,-91.85931, 464.0845, -58.95596
6.908556,-90.49197, 464.4009, -59.15173
6.915559,-90.49197, 464.4009, -59.15173
6.922,-89.07735, 464.8364, -59.21093
6.929523,-87.92149, 465.6559, -59.65395
6.937218,-86.93597, 466.4514, -60.0178
6.942235,-86.93597, 466.4514, -60.0178
6.949541,-86.03075, 467.4113, -60.54225
6.955822,-84.85673, 468.6961, -60.72696
6.962971,-83.15891, 470.3164, -60.7054
6.969613,-80.90478, 471.4549, -60.65775
6.975748,-80.90478, 471.4549, -60.65775
6.983348,-78.44772, 472.4712, -60.46087
6.989371,-75.56028, 473.366, -60.36824
6.996103,-72.86648, 473.601, -60.01256
7.0031,-70.11753, 473.1364, -59.96445
7.008874,-67.80447, 472.0654, -60.00238
7.015467,-67.80447, 472.0654, -60.00238
7.021235,-65.69955, 470.3724, -60.18244
7.028029,-63.49221, 468.2761, -60.63564
7.035369,-61.277, 465.6725, -60.99883
7.041339,-59.42965, 462.8448, -61.28125
7.047674,-57.31067, 459.5143, -61.46206
7.053874,-57.31067, 459.5143, -61.46206
7.061934,-55.57594, 456.3997, -61.5534
7.069566,-53.8346, 453.9417, -61.45637
7.075195,-52.6095, 452.2226, -61.37671
7.081285,-51.81272, 451.1581, -61.23974
7.087835,-51.81272, 451.1581, -61.23974
7.094789,-24.31679, 168.5944, -6.798517
7.101665,-25.89044, 184.3173, -9.195104
7.106962,-25.89044, 184.3173, -9.195104
7.114803,-26.6999, 189.3477, -9.58112
7.12122,-26.05024, 187.2055, -10.09366
7.128123,-23.79299, 180.2146, -10.50616
7.134962,-21.54183, 172.221, -10.94589
7.140286,-19.58332, 165.4945, -10.86322
7.148519,-19.58332, 165.4945, -10.86322
7.154925,-18.07815, 160.0217, -10.70373
7.162286,-16.67821, 156.0328, -10.19647
7.169511,-15.39459, 153.1218, -9.633049
7.175847,-14.08834, 150.7374, -9.151868
7.183009,-14.08834, 150.7374, -9.151868
7.188682,-12.75659, 148.1276, -8.641294
7.194713,-11.38287, 145.3556, -8.010206
7.201945,-10.11364, 142.3764, -7.349739
7.207641,-8.970149, 139.2271, -6.54152
7.214524,-7.742123, 136.0054, -5.722296
7.220639,-7.742123, 136.0054, -5.722296
7.227937,-6.662272, 133.378, -4.943303
7.235012,-5.597549, 131.1544, -4.318675
7.253142,-4.62489, 129.6311, -3.477548
7.261764,-3.648922, 128.319, -2.76297
7.269663,-2.708936, 127.4039, -2.02928
7.275611,-1.944988, 127.0507, -1.252294
7.283415,-0.4819416, 126.6702, 0.1286159
7.290145,0.235249, 126.8341, 0.7923184
7.29575,0.8384283, 127.389, 1.374626
7.303594,1.307352, 128.5261, 1.966851
7.309665,1.694375, 130.0958, 2.740527
7.317512,1.989554, 132.0107, 3.80081
7.324128,1.989554, 132.0107, 3.80081
7.329899,2.007628, 134.9306, 5.354206
7.337516,1.744666, 138.3702, 7.27774
7.343149,1.240193, 142.2864, 9.318041
7.351009,1.240193, 142.2864, 9.318041
7.357852,0.4371484, 146.558, 11.63258
7.366016,-0.3672444, 150.7805, 13.46459
7.374251,-1.288531, 155.5819, 15.47977
7.381758,-1.288531, 155.5819, 15.47977
7.387796,-2.431534, 160.5061, 17.37459
7.394877,-3.731786, 165.9454, 19.13695
7.402758,-5.229968, 171.3634, 20.90364
7.4088,-5.229968, 171.3634, 20.90364
7.41626,-6.808292, 176.9131, 22.31837
7.421947,-8.58006, 182.78, 23.44538
7.428249,-10.52034, 188.3837, 24.43324
7.436121,-10.52034, 188.3837, 24.43324
7.442258,-12.76552, 194.3838, 25.94635
7.4495,-15.17689, 200.6506, 27.06439
7.454663,-17.86237, 206.7923, 28.14705
7.462331,-17.86237, 206.7923, 28.14705
7.472418,-20.70985, 213.0099, 28.85806
7.481226,-23.51562, 219.1078, 29.383
7.487721,-26.30561, 225.2897, 29.14218
7.494863,-26.30561, 225.2897, 29.14218
7.502635,-29.03991, 231.2473, 28.58134
7.508177,-31.79395, 237.0309, 27.88404
7.515246,-34.6019, 242.7676, 27.19069
7.521721,-34.6019, 242.7676, 27.19069
7.528785,-37.26249, 248.5349, 26.71301
7.536458,-39.63951, 254.839, 26.77833
7.541832,-42.19166, 261.3924, 26.63037
7.549245,-44.96599, 267.8055, 26.56631
7.555276,-44.96599, 267.8055, 26.56631
7.562485,-47.75632, 274.854, 26.62411
7.57,-50.65494, 282.7793, 27.47401
7.575427,-53.55199, 290.4551, 28.1542
7.583507,-53.55199, 290.4551, 28.1542
7.590882,-56.44804, 297.9416, 28.92216
7.596742,-58.86116, 304.3784, 29.24807
7.605001,-61.16006, 310.464, 29.58024
7.609841,-63.11849, 315.6757, 30.0912
7.617156,-63.11849, 315.6757, 30.0912
7.624422,-64.97086, 320.6856, 30.63635
7.62976,-66.82271, 325.5477, 31.31959
7.63759,-68.56729, 330.6372, 31.84146
7.643576,-68.56729, 330.6372, 31.84146
7.650977,-73.36513, 343.5357, 33.76405
7.658326,-73.36513, 343.5357, 33.76405
7.663851,-74.86239, 347.5643, 34.24598
7.671622,-76.3555, 351.6881, 34.70116
7.67901,-77.65898, 355.6375, 35.16673
7.686956,-78.75911, 359.6151, 35.58954
7.694712,-78.75911, 359.6151, 35.58954
7.703218,-79.71949, 363.4166, 36.03929
7.710121,-80.48148, 367.046, 36.49816
7.718368,-81.01875, 370.5924, 36.96388
7.72523,-81.01875, 370.5924, 36.96388
7.730611,-81.48868, 374.0667, 37.39174
7.73791,-81.78658, 377.2434, 37.92474
7.743848,-81.98974, 380.6119, 38.38154
7.750404,-81.98974, 380.6119, 38.38154
7.759112,-82.18289, 384.0803, 38.83274
7.764226,-82.13767, 387.0484, 39.18395
7.772811,-81.90826, 389.5754, 39.66599
7.780049,-81.90826, 389.5754, 39.66599
7.785905,-81.48822, 391.9604, 40.31984
7.792566,-80.96307, 394.4702, 40.97762
7.798908,-80.15086, 396.5057, 41.49002
7.819486,-79.17004, 398.6021, 41.81643
7.827571,-78.19008, 400.7445, 42.03149
7.833586,-78.19008, 400.7445, 42.03149
7.840649,-77.21915, 403.3322, 42.33152
7.847645,-76.13542, 405.5878, 42.41479
7.853025,-74.87264, 407.9663, 42.60838
7.860346,-73.67741, 410.3382, 42.91875
7.867112,-73.67741, 410.3382, 42.91875
7.874605,-72.28303, 412.0605, 43.19642
7.88136,-70.90064, 413.5878, 43.22043
7.887215,-69.44262, 415.0086, 43.4255
7.893954,-67.96635, 415.5698, 43.83258
7.900494,-67.96635, 415.5698, 43.83258
7.907549,-66.55227, 415.8541, 44.11297
7.914365,-65.14515, 416.0417, 44.48105
7.920346,-63.81972, 416.2754, 45.03012
7.928355,-62.45951, 416.4344, 46.03062
7.935989,-61.0911, 416.8003, 46.95411
7.942114,-61.0911, 416.8003, 46.95411
7.949089,-59.74177, 417.77, 48.10404
7.955078,-58.36491, 419.0569, 48.90795
7.962723,-57.13996, 420.7665, 49.6894
7.970078,-57.13996, 420.7665, 49.6894
7.975258,-55.68269, 422.7328, 50.23644
7.984003,-54.45304, 424.8641, 50.50042
7.991735,-53.69274, 427.1216, 50.82906
7.997979,-52.94766, 429.2573, 51.16589
8.00529,-52.09374, 431.1002, 51.45159
8.010913,-51.34871, 432.6479, 51.64289
8.018435,-51.34871, 432.6479, 51.64289
8.025345,-49.95444, 434.5447, 51.57576
8.031118,-49.66743, 434.5528, 51.43921
8.039465,-49.66743, 434.5528, 51.43921
8.046405,-49.45053, 434.2749, 51.29052
8.052069,-49.24001, 433.9165, 51.12355
8.059056,-49.24001, 433.9165, 51.12355
8.06603,-49.07864, 433.4679, 50.97781
8.07308,-48.8656, 432.8401, 50.83422
8.07935,-48.65162, 432.0764, 50.70439
8.085551,-48.65162, 432.0764, 50.70439
8.093467,-48.38903, 431.2202, 50.55844
8.100265,-48.07501, 430.3523, 50.45098
8.107453,-47.67093, 429.4107, 50.36031
8.115073,-47.21888, 428.5569, 50.48462
8.120908,-46.79752, 427.7294, 50.63626
8.127812,-46.79752, 427.7294, 50.63626
8.135302,-46.29551, 426.9161, 50.90939
8.140951,-45.74872, 426.1056, 51.27599
8.148253,-45.17157, 425.4955, 51.82051
8.154191,-44.50034, 424.9022, 52.49208
8.161358,-44.50034, 424.9022, 52.49208
8.168429,-43.78299, 424.4705, 53.28158
8.173792,-42.87453, 424.2519, 54.27233
8.180391,-42.87453, 424.2519, 54.27233
8.186876,-41.72475, 423.7358, 55.21135
8.193702,-40.66539, 423.3444, 56.1313
8.200093,-39.4069, 422.8322, 56.899
8.207015,-37.97546, 422.4162, 57.45125
8.214576,-36.46021, 422.3043, 58.01276
8.220824,-35.0721, 422.6587, 58.6135
8.227282,-35.0721, 422.6587, 58.6135
8.232994,-33.40226, 422.7272, 58.93376
8.240342,-31.60983, 423.1027, 59.06549
8.247402,-29.63001, 424.0705, 59.01937
8.25439,-29.63001, 424.0705, 59.01937
8.261154,-27.60489, 424.9436, 58.94443
8.268285,-25.33898, 426.2163, 58.93373
8.274001,-23.01407, 427.1776, 58.65349
8.280354,-20.28158, 428.0239, 58.58458
8.28573,-20.28158, 428.0239, 58.58458
8.292535,-17.17693, 429.5791, 58.83179
8.298322,-13.59635, 431.2834, 59.54173
8.305152,-9.487956, 433.3543, 60.78333
8.312627,-9.487956, 433.3543, 60.78333
8.332902,-5.279903, 435.1443, 61.22162
8.340361,-1.291268, 436.4871, 61.20095
8.34683,2.414802, 437.0992, 61.56168
8.353175,2.414802, 437.0992, 61.56168
8.361005,6.217798, 437.5424, 62.2949
8.367869,9.332898, 438.1987, 63.92301
8.373946,17.80458, 439.1667, 68.19138
8.381763,17.80458, 439.1667, 68.19138
8.388139,20.63528, 438.6393, 68.70543
8.395041,23.96021, 438.0511, 68.8213
8.402632,27.16154, 436.5177, 67.92717
8.408054,27.16154, 436.5177, 67.92717
8.41484,30.7557, 435.9507, 66.83859
8.421638,34.06003, 434.2162, 65.97338
8.428488,37.28261, 433.5562, 65.13525
8.435329,40.17257, 431.0034, 64.28075
8.440802,40.17257, 431.0034, 64.28075
8.447968,43.07624, 429.6269, 63.72992
8.454209,45.79773, 426.9455, 63.31012
8.462399,48.52685, 425.7756, 63.42606
8.470184,51.13563, 424.207, 64.0386
8.475344,51.13563, 424.207, 64.0386
8.482796,53.88487, 422.5453, 64.15693
8.488593,56.64729, 421.8355, 64.56381
8.495275,59.74641, 421.7524, 65.3406
8.502539,62.74454, 422.4505, 66.32835
8.508311,62.74454, 422.4505, 66.32835
8.515508,65.73148, 424.1686, 67.31425
8.521011,69.00359, 425.883, 68.52814
8.528013,72.33089, 428.1285, 69.76154
8.535778,76.19506, 430.2015, 71.12856
8.542,76.19506, 430.2015, 71.12856
8.548081,79.95064, 432.4247, 72.24481
8.554094,83.91785, 434.3021, 73.89767
8.561453,87.38405, 435.7185, 75.41269
8.568324,90.80495, 436.6972, 77.34095
8.573624,90.80495, 436.6972, 77.34095
8.580222,93.84114, 437.5433, 79.10793
8.586355,96.8244, 437.6861, 81.39846
8.593084,99.89282, 438.15, 83.52595
8.598476,102.974, 437.9217, 85.11639
8.605583,105.8346, 437.1236, 86.10513
8.612802,105.8346, 437.1236, 86.10513
8.618999,108.8628, 435.7581, 86.65271
8.625578,111.1666, 434.0219, 86.61583
8.631465,111.1666, 434.0219, 86.61583
8.639408,113.7652, 432.4142, 86.28179
8.646188,116.209, 430.6067, 85.60021
8.651803,118.9271, 429.3652, 84.91269
8.658673,118.9271, 429.3652, 84.91269
8.664842,121.2472, 428.0956, 83.77481
8.672188,123.8251, 427.2562, 82.87914
8.678583,126.6299, 426.5154, 81.96307
8.684388,129.6572, 426.4594, 81.34173
8.691402,129.6572, 426.4594, 81.34173
8.697523,138.3637, 428.95, 80.45035
8.704596,138.3637, 428.95, 80.45035
8.71031,140.9855, 430.236, 80.1309
8.718159,143.8106, 432.117, 79.98504
8.72525,146.6174, 434.1314, 79.76704
8.731247,149.2697, 436.2741, 79.82528
8.738214,149.2697, 436.2741, 79.82528
8.743656,152.13, 438.8863, 80.15343
8.751659,154.5027, 441.1907, 80.40662
8.759253,156.7777, 443.6141, 80.8543
8.765422,156.7777, 443.6141, 80.8543
8.773393,158.9608, 445.7312, 81.54771
8.783048,160.9149, 447.3544, 81.76705
8.788941,162.8095, 448.5021, 81.81985
8.796342,164.5403, 449.1502, 81.99979
8.805387,166.1293, 449.4584, 82.20918
8.82418,167.5187, 449.1021, 82.25426
8.832556,168.8176, 448.8763, 82.10854
8.839658,169.9929, 448.6879, 82.26943
8.847348,170.971, 448.1974, 82.43694
8.853473,170.971, 448.1974, 82.43694
8.859596,171.7317, 447.3716, 82.50644
8.865174,172.5889, 446.5989, 82.80399
8.872771,173.2129, 445.5598, 83.164
8.879291,173.7326, 444.5562, 83.52721
8.88446,173.7326, 444.5562, 83.52721
8.891205,174.0451, 443.6752, 83.68692
8.897015,174.4059, 442.9852, 84.00397
8.904089,174.795, 442.3384, 84.34756
8.910501,174.795, 442.3384, 84.34756
8.919489,175.2266, 441.7933, 84.81239
8.92689,175.445, 441.4001, 84.97404
8.933502,175.8323, 441.1904, 85.16915
8.941442,175.8323, 441.1904, 85.16915
8.948903,176.1034, 441.0696, 85.36748
8.954146,176.4492, 441.1685, 85.60796
8.961103,176.6345, 441.2875, 85.75784
8.968921,176.8508, 441.3897, 85.83734
8.974699,176.8508, 441.3897, 85.83734
8.980627,177.0506, 441.5705, 85.8527
8.987904,177.3058, 441.7902, 85.79565
8.994788,177.3058, 441.7902, 85.79565
9.002513,177.417, 441.9432, 85.74516
9.007732,177.5038, 441.9171, 85.72102
9.01425,177.5306, 441.9588, 85.53953
9.020559,177.5306, 441.9588, 85.53953
9.027788,177.5099, 441.9705, 85.27703
9.03507,177.4509, 441.9695, 85.03204
9.040874,176.8502, 441.564, 83.91656
9.047764,176.8502, 441.564, 83.91656
9.054535,176.5444, 441.4773, 83.46532
9.061451,176.1688, 441.2784, 82.9885
9.068523,175.8974, 441.1281, 82.47551
9.073892,175.5105, 440.8088, 81.90694
9.081656,175.5105, 440.8088, 81.90694
9.087753,175.1127, 440.413, 81.27565
9.094821,174.6526, 439.7632, 80.63907
9.102753,174.0343, 438.9449, 79.9281
9.108045,174.0343, 438.9449, 79.9281
9.115084,173.1483, 437.8553, 79.08775
9.120831,171.9573, 436.2807, 78.01444
9.127618,170.6252, 434.5782, 76.77851
9.134511,170.6252, 434.5782, 76.77851
9.141885,169.2911, 432.8613, 75.3949
9.148429,167.9096, 430.9128, 73.91322
9.153709,166.5471, 428.9894, 72.27966
9.161245,165.1603, 427.0447, 70.40226
9.168723,165.1603, 427.0447, 70.40226
9.174654,163.8113, 425.0779, 68.55265
9.18263,162.3524, 423.1036, 66.36311
9.188051,161.0705, 421.1068, 63.77992
9.195127,159.7087, 418.9834, 60.8657
9.203238,158.3512, 417.1943, 57.47782
9.209345,158.3512, 417.1943, 57.47782
9.216472,156.6855, 415.1014, 53.54031
9.221909,155.0462, 413.249, 49.47668
9.229127,153.5083, 411.5076, 45.44514
9.236505,151.7583, 409.7813, 41.48013
9.24216,151.7583, 409.7813, 41.48013
9.24831,149.826, 408.2437, 37.86768
9.254505,148.1454, 407.2327, 34.77634
9.261718,148.1454, 407.2327, 34.77634
9.269315,146.3066, 406.3595, 32.1339
9.274564,144.8413, 406.0211, 29.19133
9.294376,143.8769, 406.0029, 26.848
9.302144,143.5793, 406.3846, 24.72009
9.307463,143.27, 406.9988, 22.98823
9.31477,143.27, 406.9988, 22.98823
9.320538,142.4117, 407.3345, 21.08823
9.326828,141.9246, 407.9207, 19.1861
9.333361,141.6156, 408.7256, 17.13033
9.341062,141.6156, 408.7256, 17.13033
9.348021,141.4068, 409.2901, 14.62798
9.353584,140.9788, 409.7615, 12.02003
9.361479,140.9434, 410.6091, 9.093673
9.369905,140.9168, 412.4613, 3.045581
9.37586,141.1956, 413.5636, -0.1946645
9.383422,141.4189, 414.8496, -3.215998
9.389803,141.4189, 414.8496, -3.215998
9.39525,141.677, 416.5534, -6.357058
9.403086,141.8923, 417.9143, -9.273636
9.409346,141.9792, 419.3198, -12.03185
9.417115,141.9792, 419.3198, -12.03185
9.424069,142.1112, 420.5953, -14.58996
9.429968,142.1283, 421.7188, -16.70384
9.438684,142.0725, 422.4264, -19.00248
9.445222,142.0725, 422.4264, -19.00248
9.452255,142.1653, 423.0319, -20.99736
9.459732,142.363, 423.6579, -23.23024
9.465178,142.7727, 424.1355, -25.58508
9.472592,142.7727, 424.1355, -25.58508
9.479595,143.0853, 424.4807, -27.7872
9.485991,143.3409, 424.6041, -30.26882
9.492384,143.4549, 424.3861, -32.44236
9.498006,143.3811, 423.7921, -34.45845
9.50526,143.3811, 423.7921, -34.45845
9.511013,143.459, 423.1938, -36.45204
9.51806,143.521, 422.1747, -38.20435
9.525575,143.5885, 420.9982, -39.79116
9.531579,143.5885, 420.9982, -39.79116
9.53914,143.8506, 419.8201, -41.41211
9.545078,144.2322, 418.6146, -43.23822
9.551255,144.7227, 417.8269, -44.84849
9.558198,144.7227, 417.8269, -44.84849
9.563682,145.6038, 417.2034, -46.48085
9.570307,146.6074, 416.7861, -48.25528
9.576018,147.7971, 416.5028, -50.07624
9.583608,149.08, 416.2553, -51.78224
9.590162,149.08, 416.2553, -51.78224
9.59519,150.522, 416.3073, -53.46882
9.602789,152.076, 416.4471, -55.11197
9.609236,152.076, 416.4471, -55.11197
9.616627,153.3273, 416.1381, -56.64241
9.622788,154.72, 416.009, -58.10381
9.628436,156.3073, 416.1237, -59.41264
9.637237,156.3073, 416.1237, -59.41264
9.643069,157.8954, 416.0587, -60.59169
9.650637,159.3898, 415.8034, -61.63795
9.658251,161.0091, 415.8245, -62.65563
9.663987,162.6417, 415.5548, -63.56025
9.67134,162.6417, 415.5548, -63.56025
9.677473,167.628, 415.9163, -66.20304
9.684627,167.628, 415.9163, -66.20304
9.69143,169.2813, 416.0779, -67.14936
9.699922,170.8212, 416.1752, -67.88489
9.706817,172.4268, 416.369, -68.65791
9.714585,173.9187, 416.2287, -69.29296
9.720571,173.9187, 416.2287, -69.29296
9.727723,175.5451, 416.2459, -69.93305
9.747622,177.0701, 416.5996, -70.443
9.753873,178.9082, 417.3624, -71.10017
9.76078,180.6643, 418.0456, -71.66323
9.767424,180.6643, 418.0456, -71.66323
9.775084,182.3527, 418.9702, -72.13585
9.782069,183.8459, 419.7573, -72.49065
9.787464,185.6002, 420.7402, -73.00105
9.795815,185.6002, 420.7402, -73.00105
9.803215,187.0571, 421.4512, -73.26436
9.808921,188.6493, 422.4713, -73.62977
9.815725,189.932, 423.3372, -73.88763
9.821467,191.0743, 424.1329, -74.07018
9.828595,191.0743, 424.1329, -74.07018
9.837467,192.1225, 424.9488, -74.28066
9.844334,193.0001, 425.6223, -74.41183
9.851761,193.8224, 426.1568, -74.60682
9.858534,194.3804, 426.6308, -74.81165
9.863794,194.3804, 426.6308, -74.81165
9.87164,194.8737, 426.943, -75.05375
9.877872,195.1501, 427.1086, -75.37139
9.885931,195.2475, 427.2688, -75.5632
9.894042,195.2086, 427.3613, -75.74386
9.899487,195.0734, 427.3959, -75.91337
9.906343,195.0734, 427.3959, -75.91337
9.913209,194.7879, 427.5522, -76.15339
9.918974,194.4206, 428.0706, -76.45601
9.925799,193.6352, 428.4966, -76.71976
9.931357,192.6032, 428.7733, -76.9407
9.93892,192.6032, 428.7733, -76.9407
9.945586,191.2188, 428.8724, -77.0845
9.951074,189.6175, 429.1227, -77.33621
9.958416,187.7889, 429.1617, -77.47852
9.964373,185.7813, 428.8968, -77.72445
9.973191,185.7813, 428.8968, -77.72445
9.97991,183.3541, 428.5611, -77.78991
9.985516,180.5738, 427.6784, -77.70083
9.99247,177.5685, 426.7228, -77.62798
9.999898,170.7086, 424.3068, -76.85177
10.00798,166.8967, 422.851, -76.49942
10.01483,166.8967, 422.851, -76.49942
10.02077,163.0857, 421.7664, -76.18263
10.02758,159.1856, 420.6971, -75.95069
10.03545,155.1645, 419.1853, -75.8061
10.04137,151.3328, 418.3512, -75.79136
10.04789,147.2492, 417.3309, -75.84344
10.05424,147.2492, 417.3309, -75.84344
10.0617,143.1981, 416.5743, -75.79715
10.06972,139.1052, 416.1449, -75.91157
10.07551,135.1187, 415.9178, -76.13315
10.0816,130.7015, 415.3212, -75.83326
10.08768,130.7015, 415.3212, -75.83326
10.09582,126.0939, 414.3923, -75.3372
10.103,121.5509, 414.1437, -74.6959
10.10828,116.975, 413.5959, -74.11533
10.11539,112.3677, 412.9852, -73.88238
10.1221,112.3677, 412.9852, -73.88238
10.12905,107.5474, 412.2054, -73.62686
10.13669,102.9974, 411.5089, -73.60931
10.14226,98.47703, 410.897, -73.27888
10.15017,93.97785, 409.9446, -72.96959
10.15743,89.52872, 409.5926, -72.94604
10.16373,89.52872, 409.5926, -72.94604
10.17137,85.49306, 409.8045, -73.39417
10.18964,81.32452, 409.9334, -73.69178
10.19754,77.14856, 410.7033, -73.75024
10.20412,73.22102, 412.0255, -73.75219
10.20944,69.31843, 413.7031, -73.59006
10.21692,69.31843, 413.7031, -73.59006
10.22427,65.39832, 414.4778, -73.49593
10.22944,62.07309, 415.972, -73.74014
10.23732,58.54184, 416.3011, -73.86211
10.24294,58.54184, 416.3011, -73.86211
10.25061,55.03338, 416.7859, -74.04421
10.25764,51.96516, 416.7089, -74.40264
10.26284,48.61009, 417.2528, -74.54307
10.27054,45.47992, 417.3078, -74.47247
10.27682,41.98188, 417.6887, -74.22049
10.28382,38.84814, 417.8539, -73.90658
10.29031,38.84814, 417.8539, -73.90658
10.29592,35.73506, 418.3453, -73.86201
10.30351,32.94753, 418.874, -73.80936
10.30914,27.81271, 420.8431, -74.29733
10.31578,24.99078, 421.6413, -74.19296
10.32147,22.6341, 421.3216, -74.40736
10.3286,19.86682, 422.087, -74.27102
10.33624,19.86682, 422.087, -74.27102
10.34146,17.33737, 421.3177, -74.65604
10.34836,14.72557, 421.6361, -74.77024
10.35452,12.20482, 421.4011, -75.31947
10.36288,12.20482, 421.4011, -75.31947
10.37076,9.8246, 421.4468, -75.6085
10.37574,7.31593, 422.1787, -75.61173
10.38324,5.060818, 421.8002, -75.73855
10.39097,2.775724, 421.8986, -75.6195
10.39659,2.775724, 421.8986, -75.6195
10.40423,0.5296104, 422.1736, -75.77636
10.40992,-1.509842, 421.551, -75.95055
10.4172,-3.566501, 421.5922, -75.77667
10.42466,-5.682634, 422.033, -75.83289
10.42965,-5.682634, 422.033, -75.83289
10.43676,-7.531749, 421.6115, -75.63199
10.44268,-9.549006, 421.7332, -75.04474
10.44979,-11.60876, 422.1392, -74.84329
10.45778,-13.57345, 422.1019, -74.69685
10.46411,-13.57345, 422.1019, -74.69685
10.47224,-15.44575, 422.601, -74.18549
10.47976,-17.33377, 423.4442, -74.22278
10.4864,-19.07291, 424.0311, -74.24067
10.4931,-19.07291, 424.0311, -74.24067
10.4984,-20.57139, 424.6045, -74.12772
10.50665,-21.99527, 425.8847, -73.99892
10.5142,-23.45578, 426.6661, -73.83554
10.52031,-23.45578, 426.6661, -73.83554
10.5279,-24.81864, 426.5226, -73.74223
10.53446,-26.09649, 426.22, -73.44787
10.53994,-27.19592, 426.4293, -73.16505
10.54706,-28.51828, 426.8852, -72.76714
10.55359,-28.51828, 426.8852, -72.76714
10.56103,-29.93988, 426.7643, -72.27937
10.56855,-31.43205, 426.5276, -71.96653
10.57419,-31.43205, 426.5276, -71.96653
10.58181,-32.86487, 425.9551, -71.40172
10.58815,-34.46259, 425.3818, -70.9826
10.60757,-36.21833, 425.0165, -70.77415
10.61631,-39.05346, 425.3933, -70.29516
10.62242,-40.17276, 426.1332, -70.1484
10.62889,-41.24228, 426.8821, -70.14509
10.63606,-41.24228, 426.8821, -70.14509
10.64189,-42.20461, 427.5741, -70.11584
10.64966,-43.21377, 427.8755, -70.0939
10.65523,-43.9344, 427.1915, -69.95589
10.66219,-44.37726, 426.5667, -70.00312
10.66976,-44.37726, 426.5667, -70.00312
10.6761,-44.66082, 426.7126, -70.13303
10.68335,-44.80172, 427.0018, -69.92397
10.68964,-45.01958, 428.3813, -69.40992
10.69523,-45.01958, 428.3813, -69.40992
10.70295,-45.26328, 430.1954, -68.47236
10.70903,-46.18974, 432.1113, -67.42973
10.71761,-48.26492, 434.0559, -66.45271
10.75766,-48.26492, 434.0559, -66.45271
10.76712,-51.81448, 436.7513, -64.92719
10.77398,-56.24767, 438.5677, -64.05774
10.7812,-61.3825, 441.0936, -63.05193
10.78724,-66.80398, 442.5313, -62.32748
10.7935,-66.80398, 442.5313, -62.32748
10.79988,-71.60204, 443.1252, -62.23872
10.80866,-75.60442, 443.8265, -63.22668
10.81644,-78.59695, 444.5388, -64.10635
10.824,-78.59695, 444.5388, -64.10635
10.82934,-80.78783, 444.5466, -64.92174
10.83651,-82.82765, 445.0011, -65.64164
10.84228,-84.45095, 445.8383, -66.29591
10.85049,-85.66459, 446.3371, -66.78438
10.85781,-85.66459, 446.3371, -66.78438
10.86333,-86.7866, 446.7088, -67.05128
10.871,-87.82342, 447.2921, -67.02415
10.87676,-88.69406, 447.9878, -66.89072
10.8846,-89.42965, 448.8895, -66.62381
10.89226,-89.42965, 448.8895, -66.62381
10.89796,-90.02685, 449.7418, -66.2979
10.90668,-90.62785, 451.1364, -66.07412
10.91346,-91.04634, 452.4021, -65.92214
10.91987,-91.04634, 452.4021, -65.92214
10.9268,-91.43351, 453.4928, -65.82031
10.93204,-91.76876, 454.3316, -65.74533
10.94063,-92.56928, 456.6465, -65.53188
10.94795,-93.16246, 457.9025, -65.33915
10.95441,-93.77056, 459.2931, -65.11761
10.96235,-94.42049, 460.3144, -64.98235
10.96945,-95.13039, 461.2702, -64.87065
10.97553,-95.13039, 461.2702, -64.87065
10.98369,-95.73525, 462.2156, -64.58182
10.99166,-96.29402, 462.963, -64.21724
10.99741,-96.29402, 462.963, -64.21724
11.00476,-96.91814, 463.7254, -63.8122
11.01005,-97.31827, 464.1812, -63.43984
11.01799,-97.49435, 464.576, -63.26646
11.02607,-97.49435, 464.576, -63.26646
11.03348,-97.61526, 464.7872, -63.10457
11.04132,-97.66759, 464.9014, -63.00041
11.06074,-97.7269, 464.9019, -62.90755
11.0681,-97.72491, 464.8011, -62.74757
11.07526,-97.72491, 464.8011, -62.74757
11.08299,-97.60311, 464.56, -62.44278
11.08831,-97.43741, 464.1715, -62.05349
11.09582,-97.10237, 463.5998, -61.57845
11.10371,-96.67343, 462.9912, -61.10327
11.10948,-96.67343, 462.9912, -61.10327
11.117,-96.16022, 462.4961, -60.59698
11.12361,-95.54744, 461.738, -60.20165
11.12958,-94.95756, 461.0033, -59.69627
11.13772,-94.28888, 460.2027, -59.04691
11.14345,-94.28888, 460.2027, -59.04691
11.15104,-93.57111, 459.3521, -58.33754
11.1576,-92.78247, 458.5343, -57.49159
11.16299,-91.91727, 457.627, -56.37585
11.17053,-91.91727, 457.627, -56.37585
11.17657,-90.85194, 456.3463, -54.90738
11.18397,-89.60522, 455.1413, -53.23748
11.19072,-88.31489, 454.6282, -51.5937
11.19695,-86.96554, 454.0318, -50.41207
11.20419,-85.69949, 453.5512, -49.25567
11.20964,-84.58736, 453.2322, -48.10902
11.21689,-84.58736, 453.2322, -48.10902
11.22362,-83.27746, 453.4652, -47.37616
11.2292,-82.06928, 453.6576, -47.31332
11.23586,-81.00124, 453.849, -47.4507
11.24195,-78.93327, 454.0723, -46.65289
11.24971,-77.90092, 453.8758, -45.93349
11.25664,-76.99072, 453.3683, -45.33978
11.26229,-75.82036, 453.0647, -44.6887
11.26972,-74.26772, 452.4076, -43.76448
11.27539,-72.92744, 451.5905, -42.41775
11.28286,-72.92744, 451.5905, -42.41775
11.28907,-71.65132, 450.1429, -40.99183
11.29573,-70.45523, 448.5291, -39.29449
11.3033,-69.15328, 446.9351, -37.55377
11.30936,-67.72973, 445.2804, -36.18179
11.31656,-67.72973, 445.2804, -36.18179
11.32282,-66.21011, 443.5226, -35.6571
11.32885,-64.48219, 440.8719, -35.48756
11.33783,-63.22742, 437.3046, -35.21374
11.34389,-62.13931, 432.7923, -34.78653
11.35172,-61.62373, 428.7981, -33.70943
11.35889,-61.62373, 428.7981, -33.70943
11.36615,-61.48655, 426.101, -32.63224
11.37317,-61.56916, 424.4839, -31.46994
11.38112,-61.59174, 423.8235, -30.5517
11.38783,-62.15091, 425.7746, -30.41758
11.39617,-62.83503, 429.7091, -31.51749
11.40391,-62.83503, 429.7091, -31.51749
11.40979,-63.29274, 435.2219, -33.20131
11.4169,-63.49532, 441.754, -35.21178
11.42419,-63.49532, 441.754, -35.21178
11.43036,-64.1906, 449.2343, -37.60492
11.43767,-64.83965, 457.4964, -40.23027
11.45629,-65.54612, 465.9233, -42.93732
11.46452,-65.66409, 473.3389, -45.61464
11.47038,-65.66409, 473.3389, -45.61464
11.4743,-66.06266, 479.9213, -47.91124
11.47958,-73.75026, 242.2124, 80.51368
11.48633,-73.75026, 242.2124, 80.51368
11.49284,-66.07183, 235.833, 80.51363
11.49704,-62.15399, 232.7889, 79.70333
11.50242,-59.65842, 231.8139, 79.18276
11.50712,-58.82977, 231.9532, 77.95987
11.51241,-58.00601, 232.4754, 76.45541
11.51696,-57.4837, 233.4728, 75.07382
11.52164,-57.02379, 234.112, 73.47664
11.52538,-56.43927, 234.6071, 71.56506
11.52991,-55.8322, 234.8942, 69.41558
11.53529,-55.22105, 235.0108, 67.17932
11.53965,-54.6005, 235.2049, 65.00843
11.54411,-54.6005, 235.2049, 65.00843
11.54846,-52.85432, 236.6871, 58.1409
11.55297,-52.22675, 237.3629, 55.71271
11.5578,-52.22675, 237.3629, 55.71271
11.56157,-51.57862, 238.1615, 53.25865
11.56694,-50.86993, 238.9528, 50.81984
11.57044,-50.13318, 239.9026, 48.46775
11.57499,-49.26696, 240.7772, 46.10759
11.57938,-49.26696, 240.7772, 46.10759
11.58413,-48.3634, 241.7254, 43.84877
11.58869,-47.43246, 242.6481, 41.5663
11.59273,-46.33701, 243.4615, 39.13271
11.59671,-46.33701, 243.4615, 39.13271
11.60213,-45.20826, 244.4839, 36.61865
11.60571,-44.05675, 245.6592, 34.22915
11.6107,-42.85262, 247.0073, 31.88008
11.61449,-42.85262, 247.0073, 31.88008
11.61947,-41.57526, 248.5575, 29.64157
11.62397,-40.20308, 250.1844, 27.58528
11.6282,-38.68118, 251.8177, 25.73547
11.63349,-37.10866, 253.5767, 24.14528
11.63746,-37.10866, 253.5767, 24.14528
11.64112,-35.57341, 255.5204, 22.61471
11.64631,-33.96044, 257.1677, 21.28748
11.65066,-33.96044, 257.1677, 21.28748
11.65541,-32.33765, 258.7737, 19.86367
11.65973,-30.72864, 260.4639, 18.60721
11.66406,-29.14111, 261.9274, 17.2356
11.66945,-29.14111, 261.9274, 17.2356
11.673,-27.4872, 263.3263, 16.09853
11.67844,-25.97406, 264.5146, 15.0365
11.68292,-24.60786, 265.9264, 14.30223
11.68728,-24.60786, 265.9264, 14.30223
11.69179,-23.31215, 267.2844, 13.52099
11.6959,-22.22457, 268.8573, 12.94358
11.7006,-21.24401, 270.5421, 12.61119
11.7046,-21.24401, 270.5421, 12.61119
11.70896,-20.4048, 272.0672, 12.27789
11.71419,-19.79276, 273.5784, 12.18865
11.71846,-19.33515, 275.1251, 12.28277
11.72316,-19.10456, 276.4808, 12.55081
11.72709,-19.10456, 276.4808, 12.55081
11.73194,-19.29166, 280.538, 14.42426
11.73689,-19.29166, 280.538, 14.42426
11.74077,-19.72812, 282.1751, 15.44303
11.7456,-20.33927, 284.0544, 16.65631
11.75032,-21.12298, 286.0442, 18.05019
11.75534,-21.12298, 286.0442, 18.05019
11.75922,-22.05445, 288.0918, 19.71895
11.76354,-23.20931, 290.5567, 21.66762
11.76843,-24.52022, 293.1234, 23.9192
11.77266,-24.52022, 293.1234, 23.9192
11.77772,-26.09792, 295.8261, 26.60535
11.78269,-27.83324, 298.528, 29.55294
11.78682,-29.82227, 301.6834, 32.81828
11.79144,-32.04873, 304.825, 36.62711
11.79534,-32.04873, 304.825, 36.62711
11.80045,-34.28658, 308.2257, 40.427
11.80441,-36.69032, 311.8163, 44.75588
11.80884,-39.12019, 315.6855, 49.57039
11.81357,-41.55413, 319.1007, 54.90219
11.81836,-41.55413, 319.1007, 54.90219
11.82376,-44.20649, 322.7482, 60.12995
11.82831,-46.75148, 325.5848, 65.51945
11.83431,-49.55604, 328.8488, 71.32259
11.83869,-49.55604, 328.8488, 71.32259
11.84343,-52.23156, 331.3573, 77.25767
11.8474,-55.00647, 334.4315, 83.2442
11.85203,-57.72393, 336.9277, 89.09074
11.85661,-57.72393, 336.9277, 89.09074
11.86089,-60.6524, 340.121, 94.92531
11.86577,-63.56581, 343.3409, 100.3754
11.86996,-66.66386, 347.421, 106.1649
11.87404,-66.66386, 347.421, 106.1649
11.87899,-69.86352, 351.2637, 112.457
11.88334,-73.24152, 355.4297, 119.0044
11.88815,-76.67606, 359.7021, 125.6902
11.89215,-80.21654, 363.5941, 131.6118
11.89635,-83.52496, 367.0566, 137.24
11.90131,-83.52496, 367.0566, 137.24
11.90553,-86.74286, 370.4291, 142.4673
11.91091,-95.7538, 380.9413, 156.5559
11.91533,-95.7538, 380.9413, 156.5559
11.91976,-98.64777, 384.8013, 160.9364
11.92484,-101.4577, 389.1721, 164.9831
11.92938,-104.1922, 393.4334, 168.6514
11.93431,-104.1922, 393.4334, 168.6514
11.93882,-107.0207, 398.0231, 172.149
11.94322,-109.718, 402.4786, 175.2948
11.94741,-109.718, 402.4786, 175.2948
11.95183,-112.382, 407.1295, 178.1029
11.95678,-114.8856, 411.4925, 180.344
11.96084,-117.2002, 415.6582, 182.3726
11.96628,-119.4225, 419.6778, 183.8777
11.97024,-119.4225, 419.6778, 183.8777
11.97456,-121.4455, 423.2575, 184.9126
11.97913,-128.9376, 439.7945, 188.4039
11.98381,-129.8652, 444.644, 189.0951
11.98832,-130.0902, 446.7709, 189.2085
11.99267,-130.4702, 450.9825, 189.2323
11.99658,-130.4702, 450.9825, 189.2323
12.00202,-130.5657, 452.9576, 189.1041
12.00665,-130.5943, 455.1082, 188.8851
12.01147,-130.4878, 457.0522, 188.3194
12.01654,-130.3396, 458.8534, 187.7366
12.02114,-130.3396, 458.8534, 187.7366
12.02556,-130.3103, 460.4469, 187.1428
12.03023,-130.2176, 461.7909, 186.4061
12.03534,-130.0888, 463.1092, 185.8418
12.03931,-129.784, 464.1394, 184.9285
12.04402,-129.784, 464.1394, 184.9285
12.04801,-129.5308, 465.6108, 184.0782
12.05262,-129.2925, 467.001, 183.2492
12.05723,-129.065, 468.4278, 182.2573
12.06167,-129.065, 468.4278, 182.2573
12.06671,-128.8605, 470.2261, 181.2173
12.07087,-128.6081, 471.4991, 180.2238
12.07486,-127.0881, 474.4795, 178.1426
12.07959,-127.0881, 474.4795, 178.1426
12.09017,-126.576, 475.7085, 177.3582
12.09481,-126.0754, 476.5557, 176.7556
12.09965,-125.746, 477.5132, 176.1085
12.1038,-125.3198, 478.0923, 175.5412
12.10777,-124.482, 478.3306, 174.6123
12.11274,-123.7881, 478.408, 173.731
12.11722,-123.7881, 478.408, 173.731
12.1219,-123.222, 478.502, 172.9734
12.12571,-122.5751, 478.8327, 172.006
12.12987,-122.1, 478.9646, 170.8573
12.13471,-121.7473, 479.1481, 169.6798
12.13894,-121.7473, 479.1481, 169.6798
12.14336,-121.4314, 479.1418, 168.2641
12.14776,-121.3466, 479.0169, 167.3084
12.15212,-121.4071, 479.0923, 166.4036
12.15674,-121.4071, 479.0923, 166.4036
12.16063,-121.1725, 479.1439, 165.5863
12.16477,-121.0385, 479.2651, 164.9997
12.16941,-120.8838, 479.6149, 164.6447
12.1735,-120.7145, 480.0953, 164.4514
12.17792,-120.7247, 480.5198, 164.2726
12.18323,-120.7247, 480.5198, 164.2726
12.1878,-120.7394, 481.0227, 164.2961
12.19194,-120.8132, 481.502, 164.4673
12.19587,-120.7619, 481.9373, 164.6078
12.20078,-120.6556, 482.4121, 164.7225
12.20493,-120.6556, 482.4121, 164.7225
12.20965,-120.5631, 482.8898, 164.953
12.2146,-120.4188, 483.2422, 165.19
12.2192,-120.2167, 483.4961, 165.5573
12.22397,-120.2167, 483.4961, 165.5573
12.22816,-120.0791, 483.6094, 165.8799
12.23409,-119.854, 483.5908, 166.1956
12.23846,-119.5144, 483.4541, 166.5147
12.2438,-119.5144, 483.4541, 166.5147
12.24796,-119.0845, 483.1269, 166.7904
12.25241,-118.5289, 482.4463, 167.0746
12.2571,-117.0729, 479.5995, 167.3543
12.26133,-116.1048, 477.4132, 167.5893
12.26621,-108.7628, 464.4043, 170.957
12.27042,-105.9388, 460.3659, 172.3305
12.27447,-102.4341, 455.4954, 173.6646
12.27931,-98.19592, 450.1901, 175.0583
12.28391,-93.24708, 444.4518, 176.6142
12.2884,-87.32588, 438.5133, 179.0272
12.29241,-80.58053, 432.6759, 181.9301
12.29652,-73.2621, 426.9836, 184.8745
12.30179,-73.2621, 426.9836, 184.8745
12.30569,-65.5911, 421.761, 187.843
12.31059,-57.63445, 417.6786, 191.1911
12.31545,-49.66551, 414.7241, 194.9928
12.32036,-41.74661, 413.2237, 198.8393
12.32473,-33.95592, 412.8383, 202.6656
12.32897,-26.09411, 412.7359, 206.5989
12.33378,-26.09411, 412.7359, 206.5989
12.33791,-17.64656, 413.1687, 209.8375
12.34191,-9.103673, 412.9628, 213.0997
12.34675,-0.1761353, 412.3023, 215.4759
12.35101,9.341066, 410.5875, 216.8616
12.35589,9.341066, 410.5875, 216.8616
12.36029,19.66524, 408.1092, 217.8249
12.36632,29.97227, 405.2314, 218.3502
12.37106,40.51275, 402.2217, 218.8184
12.3751,51.42125, 398.8231, 219.2941
12.3798,51.42125, 398.8231, 219.2941
12.38424,62.12432, 395.0493, 220.4166
12.38898,72.97382, 393.3054, 222.5042
12.39302,83.43827, 392.7944, 225.2249
12.39754,93.57197, 393.074, 228.0639
12.40235,103.2324, 393.6422, 231.7476
12.40671,103.2324, 393.6422, 231.7476
12.41136,112.7083, 395.7008, 236.2616
12.41596,121.6591, 398.2734, 241.0223
12.4201,130.454, 401.7858, 245.9268
12.42478,130.454, 401.7858, 245.9268
12.42859,158.2102, 415.0883, 261.3539
12.43402,167.5652, 418.5648, 264.9832
12.43783,167.5652, 418.5648, 264.9832
12.44196,177.3421, 420.6507, 266.7374
12.44656,186.4882, 421.8158, 267.2649
12.45157,194.6747, 421.4404, 266.2814
12.45641,201.8737, 420.242, 264.9945
12.46068,201.8737, 420.242, 264.9945
12.4659,207.973, 418.0795, 262.8572
12.47041,212.8924, 415.3315, 260.2191
12.47461,217.1948, 412.7565, 257.734
12.47957,217.1948, 412.7565, 257.734
12.4844,220.6077, 410.1436, 255.2475
12.48896,223.735, 408.0094, 253.0217
12.49356,226.275, 406.4255, 251.1743
12.49758,228.3726, 405.2381, 249.3283
12.50345,228.3726, 405.2381, 249.3283
12.50765,230.6872, 404.7943, 247.9316
12.51248,233.1622, 404.4444, 246.4346
12.5171,235.8574, 404.6018, 244.8663
12.52178,235.8574, 404.6018, 244.8663
12.52577,238.28, 404.8463, 243.4115
12.53003,240.5794, 405.0769, 241.7056
12.53488,243.1597, 405.4741, 240.0003
12.53896,245.5964, 405.8157, 238.2017
12.54355,245.5964, 405.8157, 238.2017
12.54806,248.2858, 405.7297, 236.0474
12.55243,250.6214, 405.5419, 233.7476
12.55777,253.118, 405.1641, 231.2027
12.56235,255.6635, 404.9207, 228.7802
12.56761,255.6635, 404.9207, 228.7802
12.57229,258.1906, 404.9331, 226.5894
12.57687,260.699, 405.3588, 224.5932
12.58098,260.699, 405.3588, 224.5932
12.58532,262.7903, 405.3588, 222.332
12.58991,264.9536, 405.3405, 219.9274
12.5938,266.8414, 405.6505, 217.7831
12.59814,269.9526, 406.5742, 213.7809
12.60291,271.205, 407.1041, 212.0004
12.60711,272.726, 408.3878, 210.6601
12.61174,273.7981, 409.3774, 208.7728
12.61673,274.9334, 411.0299, 207.6192
12.6215,274.9334, 411.0299, 207.6192
12.626,275.7036, 412.6177, 206.4902
12.63011,276.6319, 414.8423, 205.2502
12.63509,277.8114, 417.4311, 204.7133
12.63926,278.5396, 419.9109, 203.9719
12.64386,278.5396, 419.9109, 203.9719
12.64787,279.3156, 422.7576, 203.6447
12.65245,279.7796, 425.7558, 203.5199
12.6575,280.2529, 428.8132, 203.5145
12.66158,280.9502, 432.3733, 203.819
12.66691,280.9502, 432.3733, 203.819
12.67082,281.0703, 435.0361, 203.7286
12.67528,281.2845, 437.7403, 203.6802
12.67976,281.4311, 440.551, 203.7608
12.68445,281.4311, 440.551, 203.7608
12.68898,281.1893, 442.6672, 203.8058
12.69313,281.3586, 445.5277, 204.2633
12.69693,281.2756, 447.5103, 204.4286
12.70235,281.1161, 449.462, 204.4443
12.70629,281.1161, 449.462, 204.4443
12.71081,280.8889, 451.1154, 204.6062
12.71478,280.5545, 452.586, 204.897
12.71949,280.1617, 453.5201, 205.3217
12.72395,279.5201, 454.0909, 205.7437
12.72806,279.5201, 454.0909, 205.7437
12.73314,278.9141, 454.3205, 206.2694
12.73763,278.3809, 454.4708, 206.7196
12.74164,278.0206, 454.5595, 207.0226
12.74649,278.0206, 454.5595, 207.0226
12.75096,277.7578, 454.446, 207.3945
12.75561,277.9062, 455.0459, 207.9156
12.75954,278.0529, 455.6501, 208.5428
12.76397,278.6434, 456.9756, 209.6676
12.76885,279.1082, 457.7035, 210.103
12.77302,279.7073, 458.4931, 210.4321
12.77751,280.3593, 459.4265, 210.6359
12.78161,280.3593, 459.4265, 210.6359
12.78601,280.9485, 460.1642, 210.8477
12.79055,281.4373, 460.9057, 211.0748
12.79466,282.0224, 461.5659, 211.4389
12.79966,282.0224, 461.5659, 211.4389
12.80385,282.6068, 462.1314, 211.6499
12.80835,283, 462.8869, 211.9846
12.8132,283.3654, 463.4818, 212.128
12.81766,283.6314, 464.1891, 212.3878
12.82242,283.6314, 464.1891, 212.3878
12.82638,283.8319, 464.8621, 212.5953
12.83059,283.897, 465.4857, 212.9876
12.83531,283.7793, 465.9776, 213.1293
12.83961,283.7793, 465.9776, 213.1293
12.844,283.4583, 466.1585, 213.2856
12.84829,283.4539, 466.7868, 213.6429
12.85316,283.5933, 467.2629, 213.8872
12.85793,283.4702, 467.6096, 214.142
12.86195,283.4702, 467.6096, 214.142
12.86731,283.4725, 467.9712, 214.4583
12.87132,283.4418, 468.2467, 214.744
12.87566,283.5357, 468.5872, 214.7636
12.88008,283.5357, 468.5872, 214.7636
12.88465,283.7925, 468.9887, 214.9599
12.88916,284.075, 469.4873, 215.0865
12.89344,284.3094, 469.9852, 215.2108
12.8973,284.6284, 470.4859, 215.4179
12.90237,284.6284, 470.4859, 215.4179
12.90632,284.8968, 470.9904, 215.6105
12.91116,285.1713, 471.4712, 215.7464
12.91536,285.3607, 471.9727, 215.8107
12.91964,285.8536, 472.4201, 215.9358
12.92411,287.153, 473.771, 215.916
12.9284,288.0497, 474.536, 216.1121
12.93353,288.0497, 474.536, 216.1121
12.93793,288.8195, 474.9793, 216.1239
12.94215,289.5498, 475.6494, 216.2666
12.94702,290.2104, 476.2076, 216.4114
12.95155,290.2104, 476.2076, 216.4114
12.95621,290.7271, 476.7805, 216.4604
12.96039,291.1801, 477.1695, 216.4883
12.9645,291.5074, 477.2764, 216.4522
12.96947,291.9423, 477.7938, 216.5047
12.97356,291.9423, 477.7938, 216.5047
12.9784,292.1753, 478.1241, 216.5025
12.98288,292.4119, 478.4329, 216.5131
12.98776,292.4119, 478.4329, 216.5131
12.99165,292.7798, 478.752, 216.5497
12.99621,293.0113, 479.0143, 216.5654
13.00102,293.1193, 479.2486, 216.5556
13.00548,293.1193, 479.2486, 216.5556
13.00975,293.4496, 479.468, 216.5922
13.01398,293.6972, 479.7433, 216.5078
13.01857,293.9259, 479.8753, 216.4709
13.02322,294.0822, 479.8361, 216.4345
13.02713,294.0822, 479.8361, 216.4345
13.03126,294.2066, 479.8837, 216.2505
13.03597,294.3174, 479.8382, 215.9974
13.04017,294.3174, 479.8382, 215.9974
13.04453,294.3816, 479.6946, 215.7053
13.04918,294.3741, 479.4112, 215.3117
13.05316,294.455, 479.0231, 215.0863
13.05818,294.5208, 478.7088, 214.7446
13.06213,294.5208, 478.7088, 214.7446
13.06725,294.5355, 478.2672, 214.4779
13.07113,294.4052, 477.7404, 214.1098
13.07525,294.2997, 477.153, 213.8143
13.07985,294.2997, 477.153, 213.8143
13.0844,294.2531, 475.7631, 212.8191
13.08883,294.2531, 475.7631, 212.8191
13.09308,294.2887, 475.5587, 212.5551
13.09697,294.3289, 475.322, 212.2502
13.10233,294.4101, 475.0748, 212.1694
13.10619,294.4101, 475.0748, 212.1694
13.11113,294.5123, 474.8912, 211.9623
13.11535,294.6591, 474.82, 211.7012
13.11966,294.7292, 474.6248, 211.6062
13.1241,294.7653, 474.5672, 211.4442
13.12839,294.7653, 474.5672, 211.4442
13.13346,294.873, 474.5391, 211.2791
13.13782,294.8905, 474.6181, 211.1901
13.14195,294.999, 474.7109, 211.0663
13.14691,295.0794, 474.8331, 210.9245
13.15167,295.0794, 474.8331, 210.9245
13.15671,295.1387, 474.9019, 210.9904
13.16103,295.242, 474.8433, 211.0057
13.16586,295.2532, 474.7415, 210.9772
13.17026,295.2919, 474.738, 211.0226
13.17447,295.2919, 474.738, 211.0226
13.1791,295.3568, 474.7262, 210.9207
13.1835,295.4586, 474.8163, 210.8542
13.18829,295.4959, 474.8236, 210.8654
13.19232,295.4959, 474.8236, 210.8654
13.1967,295.4555, 474.9353, 210.8699
13.20185,295.4425, 475.043, 210.871
13.20608,295.4173, 475.0795, 210.9234
13.2107,295.4127, 475.2986, 210.9876
13.21514,295.4127, 475.2986, 210.9876
13.21965,295.3302, 475.4772, 211.0345
13.22436,295.3656, 475.78, 211.1017
13.22852,295.4581, 476.032, 211.2606
13.23399,295.4581, 476.032, 211.2606
13.23822,295.4402, 476.2268, 211.3986
13.2535,295.4735, 476.4774, 211.4489
13.25857,295.5241, 477.0553, 211.4815
13.26273,295.5241, 477.0553, 211.4815
13.26794,295.4353, 477.0501, 211.4455
13.27207,295.2974, 476.9033, 211.2858
13.27682,295.2974, 476.9033, 211.2858
13.28095,295.1868, 476.7517, 211.1135
13.28602,295.0354, 476.5379, 210.9175
13.2911,294.881, 476.3443, 210.6101
13.29522,294.7098, 476.1981, 210.3
13.30064,294.7098, 476.1981, 210.3
13.30478,294.6143, 476.1238, 209.9057
13.30943,294.5555, 476.173, 209.4568
13.31394,294.4242, 476.1147, 208.936
13.31896,294.2779, 476.2502, 208.3819
13.32388,294.1025, 476.3542, 207.8922
13.32791,294.1025, 476.3542, 207.8922
13.33291,293.9896, 476.4893, 207.3947
13.33726,293.9233, 476.44, 207.0204
13.34167,293.6736, 476.2851, 206.6187
13.34631,293.6736, 476.2851, 206.6187
13.35086,293.4304, 476.2086, 206.3197
13.35583,293.2235, 476.0171, 205.9464
13.36124,292.8064, 475.7714, 205.4431
13.3673,292.4347, 475.5864, 204.8769
13.37158,291.8942, 475.2659, 204.1634
13.37595,291.8942, 475.2659, 204.1634
13.38059,291.1422, 474.7982, 203.3151
13.38497,290.3832, 474.5017, 202.485
13.38963,289.726, 474.2112, 201.5918
13.39393,289.726, 474.2112, 201.5918
13.39923,289.0797, 473.8752, 200.6931
13.40369,288.6105, 473.6714, 199.8812
13.40758,288.1964, 473.4293, 199.064
13.4127,288.1964, 473.4293, 199.064
13.41715,287.7884, 473.2242, 198.2947
13.42198,286.0717, 472.8958, 196.1765
13.42616,286.0717, 472.8958, 196.1765
13.43045,285.4748, 472.8818, 195.4375
13.43507,284.7498, 472.822, 194.6982
13.43926,283.9325, 472.7103, 193.9456
13.44382,283.0118, 472.5749, 193.2873
13.47015,283.0118, 472.5749, 193.2873
13.47541,281.9578, 472.2474, 192.7332
13.47999,280.7561, 471.8293, 192.2319
13.48479,280.7561, 471.8293, 192.2319
13.4898,279.4855, 471.5213, 191.9
13.4943,278.2493, 470.9105, 191.5936
13.49938,276.8649, 470.1805, 191.3889
13.5034,275.6982, 469.5724, 191.4549
13.50792,275.6982, 469.5724, 191.4549
13.51262,274.8524, 469.0103, 191.634
13.51759,274.4571, 468.4261, 191.875
13.52213,274.1263, 467.8921, 192.2219
13.52628,274.1263, 467.8921, 192.2219
13.53013,274.2813, 467.4899, 192.5562
13.53575,274.5458, 467.1786, 193.0116
13.53977,274.9655, 466.9556, 193.3973
13.54437,274.9655, 466.9556, 193.3973
13.54874,275.3489, 466.7142, 193.8529
13.553,275.8715, 466.4926, 194.2724
13.55763,276.2154, 466.1785, 194.5915
13.56188,276.2154, 466.1785, 194.5915
13.56695,276.3893, 465.5022, 194.854
13.57112,276.3646, 464.604, 194.9047
13.57521,276.4869, 463.532, 194.9569
13.5799,276.602, 462.3507, 194.9662
13.58468,277.0412, 460.761, 194.8734
13.58948,277.0412, 460.761, 194.8734
13.5938,277.7373, 459.151, 194.5476
13.59812,278.9096, 457.5854, 194.3082
13.60335,282.1266, 454.7809, 193.8931
13.60732,284.1759, 453.4461, 193.8205
13.61213,286.4687, 451.776, 193.6771
13.61649,288.7825, 450.101, 194.0112
13.62163,291.2647, 448.1705, 194.6489
13.62554,291.2647, 448.1705, 194.6489
13.62996,293.8644, 445.9025, 195.4351
13.63486,296.8984, 442.8465, 196.7316
13.63915,296.8984, 442.8465, 196.7316
13.64377,300.0798, 439.7762, 198.6958
13.64794,303.3817, 435.9553, 200.9019
13.65246,306.7272, 431.7253, 203.22
13.65782,310.0125, 427.3012, 205.6936
13.6622,310.0125, 427.3012, 205.6936
13.66759,313.6996, 423.248, 207.6235
13.67191,317.2242, 419.0294, 208.9624
13.67677,320.5492, 414.9859, 209.6084
13.68105,324.9317, 411.5677, 210.1707
13.68545,328.9491, 408.2982, 210.4427
13.69021,328.9491, 408.2982, 210.4427
13.69402,333.4389, 405.8419, 210.7698
13.6994,337.8408, 403.0025, 210.3677
13.70352,342.2566, 400.5567, 210.4994
13.70801,347.0843, 398.8986, 211.0381
13.71303,347.0843, 398.8986, 211.0381
13.71786,351.2257, 396.6252, 211.0948
13.72237,355.1632, 394.6011, 211.2991
13.72654,359.3577, 393.5715, 211.953
13.7304,363.74, 392.4792, 212.839
13.73534,367.2295, 391.0154, 213.1921
13.73919,367.2295, 391.0154, 213.1921
13.74397,371.54, 390.6183, 214.4017
13.748,375.4703, 389.9723, 215.3797
13.75252,379.35, 389.3667, 216.269
13.75711,387.0077, 389.6403, 218.9446
13.76148,391.3868, 390.7012, 220.5586
13.76704,395.7686, 392.168, 222.1137
13.77186,400.3545, 394.2147, 223.5676
13.77648,404.7477, 396.3963, 225.0283
13.78045,404.7477, 396.3963, 225.0283
13.78527,409.2934, 398.9535, 226.3759
13.79031,413.8652, 401.3212, 227.1879
13.7948,418.4436, 402.8885, 227.3789
13.7997,423.4995, 404.3489, 227.1391
13.80386,423.4995, 404.3489, 227.1391
13.80781,428.8549, 405.3116, 226.248
13.81249,434.7859, 406.4243, 225.0814
13.81688,441.3778, 408.2482, 224.2515
13.82154,448.3166, 409.5893, 222.8477
13.82539,448.3166, 409.5893, 222.8477
13.8296,454.6511, 410.4409, 221.4973
13.8344,461.2238, 411.3008, 220.0458
13.83848,466.7673, 412.0278, 218.7946
13.84297,466.7673, 412.0278, 218.7946
13.84714,471.8164, 412.7157, 217.4245
13.85139,476.5317, 413.9847, 216.7839
13.85621,480.5851, 415.278, 216.1344
13.86054,484.2029, 416.559, 215.6045
13.86581,487.4779, 417.9652, 215.3074
13.86992,487.4779, 417.9652, 215.3074
13.87415,490.3336, 419.3329, 215.1823
13.87864,492.8232, 420.3382, 214.8412
13.88336,494.5021, 421.0872, 214.4952
13.8881,495.3348, 421.3407, 214.4471
13.89209,495.9725, 421.379, 213.9169
13.89603,496.0633, 421.1519, 213.3847
13.90115,496.0633, 421.1519, 213.3847
13.90512,496.0364, 420.9677, 212.8446
13.90973,495.9321, 420.4082, 211.515
13.91373,495.9321, 420.4082, 211.515
13.91813,495.7363, 420.0785, 211.0442
13.92307,495.6458, 420.138, 210.7006
13.92713,495.6458, 420.138, 210.7006
13.93103,495.8469, 420.3966, 210.455
13.93665,496.3458, 421.0435, 210.4172
13.94121,496.7373, 421.5849, 210.4782
13.94578,497.0389, 422.3087, 210.616
13.95082,497.0389, 422.3087, 210.616
13.95589,497.5482, 423.1932, 210.8035
13.96027,498.0542, 424.1487, 211.176
13.9642,498.8162, 425.4843, 211.6896
13.96954,499.3567, 426.4295, 212.2622
13.9736,499.3567, 426.4295, 212.2622
13.97834,499.8837, 427.5656, 212.8089
13.98283,500.2485, 428.2685, 213.1854
13.98751,500.6514, 429.2614, 213.7594
13.99165,501.5111, 431.1138, 214.7252
13.99636,501.8967, 431.9687, 215.2189
14.00161,501.9376, 432.6198, 215.3966
14.00559,501.8638, 433.0945, 215.6136
14.01032,501.8182, 433.3087, 215.6258
14.01455,501.8182, 433.3087, 215.6258
14.01922,501.6194, 433.6765, 215.5913
14.02375,501.4427, 433.8313, 215.6273
14.02795,501.0704, 433.8966, 215.3261
14.03295,500.6584, 433.8337, 215.2392
14.03729,500.3383, 433.569, 215.124
14.04119,500.3383, 433.569, 215.124
14.04582,500.0398, 433.634, 214.7748
14.05025,499.7276, 433.5168, 214.7434
14.05508,495.8852, 432.8362, 219.478
14.05906,483.8602, 439.6656, 219.9018
14.06325,492.604, 443.6781, 216.924
14.06813,49